Display,Topic,Type,Answer Type,PMI System,PMI Code,Parent code,Item ID,,Standard Code Source,Source URL,LOINC Category Code (Search This),LOINC Category ID,LOINC Answer ID,FHIR System OID,FHIR Level,FHIR Code,UMLS (SNOMED) ConceptID,UMLS (SNOMED) DescriptionID
Sociodemographic,Module Name,Module Name,,http://terminology.pmi-ops.org/CodeSystem/ppi,Sociodemographic,,,,,,,,,,,,,
"Have you ever served on active duty in the United States Armed forces, either in the regular military or in a National Guard or military reserve unit?",Active Duty,Question,open-choice,http://terminology.pmi-ops.org/CodeSystem/ppi,Sociodemographic_ActiveDuty,Sociodemographic,Dss1,,LOINC,http://s.details.loinc.org/LOINC/68507-3.html?sections=Simple,68507-3,LL361-7,,,,,,
Has served Active duty,Active Duty,Answer,,http://terminology.pmi-ops.org/CodeSystem/ppi,ActiveDuty_Has,Sociodemographic_ActiveDuty,Dss1,,LOINC,http://s.details.loinc.org/LOINC/68507-3.html?sections=Simple,68507-4,LL361-8,LA33-6,,,,,
Has not served Active duty,Active Duty,Answer,,http://terminology.pmi-ops.org/CodeSystem/ppi,ActiveDuty_HasNot,Sociodemographic_ActiveDuty,Dss1,,LOINC,http://s.details.loinc.org/LOINC/68507-3.html?sections=Simple,68507-5,LL361-9,LA32-8,,,,,
What was your biological sex assigned at birth?,Biological Sex,Question,open-choice,http://terminology.pmi-ops.org/CodeSystem/ppi,Gender_BiologicalSexBirth,Sociodemographic_Gender,D2a,,,,,,,,,,,
Male,Biological Sex,Answer,,http://terminology.pmi-ops.org/CodeSystem/ppi,BiologicalSexBirth_Male,Gender_BiologicalSexBirth,D2a,,,,,,,,,,,
Female,Biological Sex,Answer,,http://terminology.pmi-ops.org/CodeSystem/ppi,BiologicalSexBirth_Female,Gender_BiologicalSexBirth,D2a,,,,,,,,,,,
Intersex,Biological Sex,Answer,,http://terminology.pmi-ops.org/CodeSystem/ppi,BiologicalSexBirth_Intersex,Gender_BiologicalSexBirth,D2a,,,,,,,,,,,
What is your birth date (MM-DD-YYYY)?,Birth Date,Question,date,http://terminology.pmi-ops.org/CodeSystem/ppi,Sociodemographic_BirthDate,Sociodemographic,D1,,,,,,,,,,,
In what country were you born?,Birthplace,Question,string,http://terminology.pmi-ops.org/CodeSystem/ppi,Sociodemographic_Birthplace,Sociodemographic,D3,,,,,,,,,,,
Education,Education,Topic,,http://terminology.pmi-ops.org/CodeSystem/ppi,Sociodemographic_Education,Sociodemographic,,,,,,,,,,,,
What is the highest grade or year of school you completed?,Education,Question,open-choice,http://terminology.pmi-ops.org/CodeSystem/ppi,Education_EducationLevel,Sociodemographic_Education,D6,,,,,,,,,,,
Never Attended School,Education,Answer,,http://terminology.pmi-ops.org/CodeSystem/ppi,EducationLevel_NeverAttended,Education_EducationLevel,D6,,,,,,,,,,,
Only Kindergarten,Education,Answer,,http://terminology.pmi-ops.org/CodeSystem/ppi,EducationLevel_Kindergarden,Education_EducationLevel,D6,,,,,,,,,,,
Grade 12 or GED (High School Graduate),Education,Answer,,http://terminology.pmi-ops.org/CodeSystem/ppi,EducationLevel_12GED,Education_EducationLevel,D6,,,,,,,,,,,
Grades 1-4 (Primary),Education,Answer,,http://terminology.pmi-ops.org/CodeSystem/ppi,EducationLevel_1to4,Education_EducationLevel,D6,,FHIR,http://hl7.org/fhir/ValueSet/v3-EducationLevel,,,,2.16.840.1.113883.5.1077,,ELEM,,
Grades 5-8 (Secondary),Education,Answer,,http://terminology.pmi-ops.org/CodeSystem/ppi,EducationLevel_5to8,Education_EducationLevel,D6,,FHIR,http://hl7.org/fhir/ValueSet/v3-EducationLevel,,,,2.16.840.1.113883.5.1077,,SEC,,
Grades 9-11 (High School Attendee),Education,Answer,,http://terminology.pmi-ops.org/CodeSystem/ppi,EducationLevel_9to11,Education_EducationLevel,D6,,FHIR,http://hl7.org/fhir/ValueSet/v3-EducationLevel,,,,2.16.840.1.113883.5.1077,,HS,,
College 1-3 Years,Education,Answer,,http://terminology.pmi-ops.org/CodeSystem/ppi,EducationLevel_College1to3,Education_EducationLevel,D6,,FHIR,http://hl7.org/fhir/ValueSet/v3-EducationLevel,,,,2.16.840.1.113883.5.1077,,SCOL,,
College 4+ Years (College Graduate),Education,Answer,,http://terminology.pmi-ops.org/CodeSystem/ppi,EducationLevel_College4plus,Education_EducationLevel,D6,,FHIR,http://hl7.org/fhir/ValueSet/v3-EducationLevel,,,,2.16.840.1.113883.5.1077,,BD,,
"Advanced Degree (Master's, Doctorate, etc.)",Education,Answer,,http://terminology.pmi-ops.org/CodeSystem/ppi,EducationLevel_Advanced,Education_EducationLevel,D6,,FHIR,http://hl7.org/fhir/ValueSet/v3-EducationLevel,,,,2.16.840.1.113883.5.1077,,POSTG,,
Employment,Employment,Topic,,http://terminology.pmi-ops.org/CodeSystem/ppi,Sociodemographic_Employment,Sociodemographic,,,,,,,,,,,,
Current Employment Status,Employment,Question,open-choice,http://terminology.pmi-ops.org/CodeSystem/ppi,Employment_CurrentEmployment,Sociodemographic_Employment,DSS5a,,,,,,,,,,,
Employed for wages (part-time or full-time),Employment,Answer,,http://terminology.pmi-ops.org/CodeSystem/ppi,CurrentEmployment_Wages,Employment_CurrentEmployment,DSS5a,,,,,,,,,,,
Self-employed,Employment,Answer,,http://terminology.pmi-ops.org/CodeSystem/ppi,CurrentEmployment_SelfEmployed,Employment_CurrentEmployment,DSS5a,,,,,,,,,,,
Out of work for 1 year or more,Employment,Answer,,http://terminology.pmi-ops.org/CodeSystem/ppi,CurrentEmployment_OutofWorkMore1,Employment_CurrentEmployment,DSS5a,,,,,,,,,,,
Out of work for less than 1 year,Employment,Answer,,http://terminology.pmi-ops.org/CodeSystem/ppi,CurrentEmployment_OutofWorkLess1,Employment_CurrentEmployment,DSS5a,,,,,,,,,,,
A homemaker,Employment,Answer,,http://terminology.pmi-ops.org/CodeSystem/ppi,CurrentEmployment_Homemaker,Employment_CurrentEmployment,DSS5a,,,,,,,,,,,
A student,Employment,Answer,,http://terminology.pmi-ops.org/CodeSystem/ppi,CurrentEmployment_Student,Employment_CurrentEmployment,DSS5a,,,,,,,,,,,
Retired,Employment,Answer,,http://terminology.pmi-ops.org/CodeSystem/ppi,CurrentEmployment_Retired,Employment_CurrentEmployment,DSS5a,,,,,,,,,,,
Unable to work (disabled),Employment,Answer,,http://terminology.pmi-ops.org/CodeSystem/ppi,CurrentEmployment_Unable,Employment_CurrentEmployment,DSS5a,,,,,,,,,,,
What is your work street address?,Employment,Question,string,http://terminology.pmi-ops.org/CodeSystem/ppi,Employment_CurrentEmploymentAddress,Sociodemographic_Employment,DSS5a,,,,,,,,,,,
Race,Race Ethnicity,Topic,,http://terminology.pmi-ops.org/CodeSystem/ppi,Sociodemographic_Race,Sociodemographic,,,FHIR,http://hl7.org/fhir/v3/Race/index.html,"
54134-2 ",,,2.16.840.1.113883.5.104,,,,
"Which categories describe you? Select all that apply. Note, you may select more than one group.",Race Ethnicity,Question,open-choice,http://terminology.pmi-ops.org/CodeSystem/ppi,Race_WhatRaceEthnicity,Sociodemographic_Race,,,,,,,,,,,,
American Indian or Alaska Native,Race Ethnicity,Answer,,http://terminology.pmi-ops.org/CodeSystem/ppi,WhatRaceEthnicity_AIAN,Race_WhatRaceEthnicity,,,LOINC,http://r.details.loinc.org/AnswerList/LL629-7.html,54134-2,LL629-7,LA10608-0,,,,,
Asian,Race Ethnicity,Answer,,http://terminology.pmi-ops.org/CodeSystem/ppi,WhatRaceEthnicity_Asian,Race_WhatRaceEthnicity,,,LOINC,http://r.details.loinc.org/AnswerList/LL629-7.html,54134-2,LL629-7,LA6156-9,,,,,
"Black, African American, or African",Race Ethnicity,Answer,,http://terminology.pmi-ops.org/CodeSystem/ppi,WhatRaceEthnicity_Black,Race_WhatRaceEthnicity,,,LOINC,http://r.details.loinc.org/AnswerList/LL629-7.html,54134-2,LL629-7,LA10610-6,,,,,
Middle Eastern or North African,Race Ethnicity,Answer,,http://terminology.pmi-ops.org/CodeSystem/ppi,WhatRaceEthnicity_MENA,Race_WhatRaceEthnicity,,,FHIR,http://www.hl7.org/FHIR/v3/Race/index.html,,,,2.16.840.1.113883.5.104,2,2118-8,,
Native Hawaiian or other Pacific Islander,Race Ethnicity,Answer,,http://terminology.pmi-ops.org/CodeSystem/ppi,WhatRaceEthnicity_NHPI,Race_WhatRaceEthnicity,,,LOINC,http://r.details.loinc.org/AnswerList/LL629-7.html,54134-2,LL629-7,LA10611-4,,,,,
White,Race Ethnicity,Answer,,http://terminology.pmi-ops.org/CodeSystem/ppi,WhatRaceEthnicity_White,Race_WhatRaceEthnicity,,,LOINC,http://r.details.loinc.org/AnswerList/LL629-7.html,54134-2,LL629-7,LA4457-3,,,,,
"Hispanic, Latino, or Spanish",Race Ethnicity,Answer,,http://terminology.pmi-ops.org/CodeSystem/ppi,WhatRaceEthnicity_Hispanic,Race_WhatRaceEthnicity,,,LOINC,http://s.details.loinc.org/LOINC/54133-4.html?sections=Simple,54133-4,,,,,,,
Spanish,Race Ethnicity Subcategory,Answer,,http://terminology.pmi-ops.org/CodeSystem/ppi,White_Spanish,WhatRaceEthnicity_White,,,,,,,,,,,,
American Indian,Race Ethnicity Subcategory,Answer,,http://terminology.pmi-ops.org/CodeSystem/ppi,AIAN_AmericanIndian,WhatRaceEthnicity_AIAN,,,FHIR,http://www.hl7.org/FHIR/v3/Race/index.html,,,,2.16.840.1.113883.5.104,2,1004-1,,
Alaska Native,Race Ethnicity Subcategory,Answer,,http://terminology.pmi-ops.org/CodeSystem/ppi,AIAN_AlaskaNative,WhatRaceEthnicity_AIAN,,,FHIR,http://www.hl7.org/FHIR/v3/Race/index.html,,,,2.16.840.1.113883.5.104,2,1735-0,,
South American Indian,Race Ethnicity Subcategory,Answer,,http://terminology.pmi-ops.org/CodeSystem/ppi,AIAN_SouthAmericanIndian,WhatRaceEthnicity_AIAN,,,FHIR,http://www.hl7.org/FHIR/v3/Race/index.html,,,,2.16.840.1.113883.5.104,4,1073-6,,
Central American Indian,Race Ethnicity Subcategory,Answer,,http://terminology.pmi-ops.org/CodeSystem/ppi,AIAN_CentralAmericanIndian,WhatRaceEthnicity_AIAN,,,FHIR,http://www.hl7.org/FHIR/v3/Race/index.html,,,,2.16.840.1.113883.5.104,4,1070-2,,
Cambodian,Race Ethnicity Subcategory,Answer,,http://terminology.pmi-ops.org/CodeSystem/ppi,Asian_Cambodian,WhatRaceEthnicity_Asian,,,,,,,,,,,,
Chinese,Race Ethnicity Subcategory,Answer,,http://terminology.pmi-ops.org/CodeSystem/ppi,Asian_Chinese,WhatRaceEthnicity_Asian,,,FHIR,http://www.hl7.org/FHIR/v3/Race/index.html,,,,2.16.840.1.113883.5.104,2,2034-7,,
Filipino,Race Ethnicity Subcategory,Answer,,http://terminology.pmi-ops.org/CodeSystem/ppi,Asian_Filipino,WhatRaceEthnicity_Asian,,,,,,,,,,,,
Hmong,Race Ethnicity Subcategory,Answer,,http://terminology.pmi-ops.org/CodeSystem/ppi,Asian_Hmong,WhatRaceEthnicity_Asian,,,,,,,,,,,,
Asian Indian,Race Ethnicity Subcategory,Answer,,http://terminology.pmi-ops.org/CodeSystem/ppi,Asian_AsianIndian,WhatRaceEthnicity_Asian,,,FHIR,http://www.hl7.org/FHIR/v3/Race/index.html,,,,2.16.840.1.113883.5.104,2,2029-7,,
Pakistani,Race Ethnicity Subcategory,Answer,,http://terminology.pmi-ops.org/CodeSystem/ppi,Asian_Pakistani,WhatRaceEthnicity_Asian,,,,,,,,,,,,
Vietnamese,Race Ethnicity Subcategory,Answer,,http://terminology.pmi-ops.org/CodeSystem/ppi,Asian_Vietnamese,WhatRaceEthnicity_Asian,,,FHIR,http://www.hl7.org/FHIR/v3/Race/index.html,,,,2.16.840.1.113883.5.104,2,2047-9,,
Korean,Race Ethnicity Subcategory,Answer,,http://terminology.pmi-ops.org/CodeSystem/ppi,Asian_Korean,WhatRaceEthnicity_Asian,,,FHIR,http://www.hl7.org/FHIR/v3/Race/index.html,,,,2.16.840.1.113883.5.104,2,2040-4,,
Japanese,Race Ethnicity Subcategory,Answer,,http://terminology.pmi-ops.org/CodeSystem/ppi,Asian_Japanese,WhatRaceEthnicity_Asian,,,FHIR,http://www.hl7.org/FHIR/v3/Race/index.html,,,,2.16.840.1.113883.5.104,2,2039-6,,
Barbadian,Race Ethnicity Subcategory,Answer,,http://terminology.pmi-ops.org/CodeSystem/ppi,Black_Barbadian,WhatRaceEthnicity_Black,,,,,,,,,,,,
Caribbean,Race Ethnicity Subcategory,Answer,,http://terminology.pmi-ops.org/CodeSystem/ppi,Black_Caribbean,WhatRaceEthnicity_Black,,,,,,,,,,,,
Liberian,Race Ethnicity Subcategory,Answer,,http://terminology.pmi-ops.org/CodeSystem/ppi,Black_Liberian,WhatRaceEthnicity_Black,,,,,,,,,,,,
Somali,Race Ethnicity Subcategory,Answer,,http://terminology.pmi-ops.org/CodeSystem/ppi,Black_Somali,WhatRaceEthnicity_Black,,,,,,,,,,,,
South African,Race Ethnicity Subcategory,Answer,,http://terminology.pmi-ops.org/CodeSystem/ppi,Black_SouthAfrican,WhatRaceEthnicity_Black,,,,,,,,,,,,
African American,Race Ethnicity Subcategory,Answer,,http://terminology.pmi-ops.org/CodeSystem/ppi,Black_AfricanAmerican,WhatRaceEthnicity_Black,,,FHIR,http://www.hl7.org/FHIR/v3/Race/index.html,,,,2.16.840.1.113883.5.104,2,2058-6,,
Jamaican,Race Ethnicity Subcategory,Answer,,http://terminology.pmi-ops.org/CodeSystem/ppi,Black_Jamaican,WhatRaceEthnicity_Black,,,FHIR,http://www.hl7.org/FHIR/v3/Race/index.html,,,,2.16.840.1.113883.5.104,2,2072-7,,
Haitian,Race Ethnicity Subcategory,Answer,,http://terminology.pmi-ops.org/CodeSystem/ppi,Black_Haitian,WhatRaceEthnicity_Black,,,FHIR,http://www.hl7.org/FHIR/v3/Race/index.html,,,,2.16.840.1.113883.5.104,2,2071-9,,
Nigerian,Race Ethnicity Subcategory,Answer,,http://terminology.pmi-ops.org/CodeSystem/ppi,Black_Nigerian,WhatRaceEthnicity_Black,,,FHIR,http://www.hl7.org/FHIR/v3/Race/index.html,,,,2.16.840.1.113883.5.104,3,2065-1,,
Ethiopian,Race Ethnicity Subcategory,Answer,,http://terminology.pmi-ops.org/CodeSystem/ppi,Black_Ethiopian,WhatRaceEthnicity_Black,,,FHIR,http://www.hl7.org/FHIR/v3/Race/index.html,,,,2.16.840.1.113883.5.104,3,2062-8,,
Ghanaian,Race Ethnicity Subcategory,Answer,,http://terminology.pmi-ops.org/CodeSystem/ppi,Black_Ghanaian,WhatRaceEthnicity_Black,,,UMLS,http://www.hl7.org/FHIR/v3/Race/index.html,,,,,,,315432000,712321018
Lebanese,Race Ethnicity Subcategory,Answer,,http://terminology.pmi-ops.org/CodeSystem/ppi,MENA_Lebanese,WhatRaceEthnicity_MENA,,,FHIR,http://www.hl7.org/FHIR/v3/Race/index.html,,,,2.16.840.1.113883.5.104,3,2123-8,,
Iraqi,Race Ethnicity Subcategory,Answer,,http://terminology.pmi-ops.org/CodeSystem/ppi,MENA_Iraqi,WhatRaceEthnicity_MENA,,,,,,,,,,,,
Israeli,Race Ethnicity Subcategory,Answer,,http://terminology.pmi-ops.org/CodeSystem/ppi,MENA_Israeli,WhatRaceEthnicity_MENA,,,,,,,,,,,,
Tunisian,Race Ethnicity Subcategory,Answer,,http://terminology.pmi-ops.org/CodeSystem/ppi,MENA_Tunisian,WhatRaceEthnicity_MENA,,,,,,,,,,,,
Iranian,Race Ethnicity Subcategory,Answer,,http://terminology.pmi-ops.org/CodeSystem/ppi,MENA_Iranian,WhatRaceEthnicity_MENA,,,FHIR,http://www.hl7.org/FHIR/v3/Race/index.html,,,,2.16.840.1.113883.5.104,1900-1,2121-2,,
Egyptian,Race Ethnicity Subcategory,Answer,,http://terminology.pmi-ops.org/CodeSystem/ppi,MENA_Egypt,WhatRaceEthnicity_MENA,,,FHIR,http://www.hl7.org/FHIR/v3/Race/index.html,,,,2.16.840.1.113883.5.104,1900-1,2120-4,,
Syrian,Race Ethnicity Subcategory,Answer,,http://terminology.pmi-ops.org/CodeSystem/ppi,MENA_Syrian,WhatRaceEthnicity_MENA,,,FHIR,http://www.hl7.org/FHIR/v3/Race/index.html,,,,2.16.840.1.113883.5.104,1900-1,2125-3,,
Moroccan,Race Ethnicity Subcategory,Answer,,http://terminology.pmi-ops.org/CodeSystem/ppi,MENA_Moroccan,WhatRaceEthnicity_MENA,,,FHIR,http://www.hl7.org/FHIR/v3/Race/index.html,,,,2.16.840.1.113883.5.104,,,,
Algerian,Race Ethnicity Subcategory,Answer,,http://terminology.pmi-ops.org/CodeSystem/ppi,MENA_Algerian,WhatRaceEthnicity_MENA,,,FHIR,http://www.hl7.org/FHIR/v3/Race/index.html,,,,2.16.840.1.113883.5.104,,,,
Afghan,Race Ethnicity Subcategory,Answer,,http://terminology.pmi-ops.org/CodeSystem/ppi,MENA_Afghan,WhatRaceEthnicity_MENA,,,FHIR,http://www.hl7.org/FHIR/v3/Race/index.html,,,,2.16.840.1.113883.5.104,1900-1,2126-1,,
Native Hawaiian,Race Ethnicity Subcategory,Answer,,http://terminology.pmi-ops.org/CodeSystem/ppi,NHPI_NativeHawaiian,WhatRaceEthnicity_NHPI,,,FHIR,http://www.hl7.org/FHIR/v3/Race/index.html,,,,2.16.840.1.113883.5.104,1900-1,2079-2,,
Samoan,Race Ethnicity Subcategory,Answer,,http://terminology.pmi-ops.org/CodeSystem/ppi,NHPI_Samoan,WhatRaceEthnicity_NHPI,,,FHIR,http://www.hl7.org/FHIR/v3/Race/index.html,,,,2.16.840.1.113883.5.104,1900-1,2080-0,,
Chuukese,Race Ethnicity Subcategory,Answer,,http://terminology.pmi-ops.org/CodeSystem/ppi,NHPI_Chuukese,WhatRaceEthnicity_NHPI,,,,,,,,,,,,
Palauan,Race Ethnicity Subcategory,Answer,,http://terminology.pmi-ops.org/CodeSystem/ppi,NHPI_Palauan,WhatRaceEthnicity_NHPI,,,,,,,,,,,,
Tihitian,Race Ethnicity Subcategory,Answer,,http://terminology.pmi-ops.org/CodeSystem/ppi,NHPI_Tihitian,WhatRaceEthnicity_NHPI,,,,,,,,,,,,
Chamorro,Race Ethnicity Subcategory,Answer,,http://terminology.pmi-ops.org/CodeSystem/ppi,NHPI_Chamorro,WhatRaceEthnicity_NHPI,,,FHIR,http://www.hl7.org/FHIR/v3/Race/index.html,,,,2.16.840.1.113883.5.104,1900-1,2088-3,,
Tongan,Race Ethnicity Subcategory,Answer,,http://terminology.pmi-ops.org/CodeSystem/ppi,NHPI_Tongan,WhatRaceEthnicity_NHPI,,,FHIR,http://www.hl7.org/FHIR/v3/Race/index.html,,,,2.16.840.1.113883.5.104,1900-1,2082-6,,
Fijian,Race Ethnicity Subcategory,Answer,,http://terminology.pmi-ops.org/CodeSystem/ppi,NHPI_Fijian,WhatRaceEthnicity_NHPI,,,FHIR,http://www.hl7.org/FHIR/v3/Race/index.html,,,,2.16.840.1.113883.5.104,1900-1,2101-4,,
Marshallese,Race Ethnicity Subcategory,Answer,,http://terminology.pmi-ops.org/CodeSystem/ppi,NHPI_Marshallese,WhatRaceEthnicity_NHPI,,,FHIR,http://www.hl7.org/FHIR/v3/Race/index.html,,,,2.16.840.1.113883.5.104,1900-1,2090-9,,
German,Race Ethnicity Subcategory,Answer,,http://terminology.pmi-ops.org/CodeSystem/ppi,White_German,WhatRaceEthnicity_White,,,FHIR,http://www.hl7.org/FHIR/v3/Race/index.html,,,,2.16.840.1.113883.5.104,1900-1,2112-1,,
Dutch,Race Ethnicity Subcategory,Answer,,http://terminology.pmi-ops.org/CodeSystem/ppi,White_Dutch,WhatRaceEthnicity_White,,,,,,,,,,,,
Norwegian,Race Ethnicity Subcategory,Answer,,http://terminology.pmi-ops.org/CodeSystem/ppi,White_Norwegian,WhatRaceEthnicity_White,,,,,,,,,,,,
Scottish,Race Ethnicity Subcategory,Answer,,http://terminology.pmi-ops.org/CodeSystem/ppi,White_Scottish,WhatRaceEthnicity_White,,,,,,,,,,,,
Spanish,Race Ethnicity Subcategory,Answer,,http://terminology.pmi-ops.org/CodeSystem/ppi,White_Spanish,WhatRaceEthnicity_White,,,,,,,,,,,,
European,Race Ethnicity Subcategory,Answer,,http://terminology.pmi-ops.org/CodeSystem/ppi,White_European,WhatRaceEthnicity_White,,,,,,,,,,,,
Irish,Race Ethnicity Subcategory,Answer,,http://terminology.pmi-ops.org/CodeSystem/ppi,White_Irish,WhatRaceEthnicity_White,,,FHIR,http://www.hl7.org/FHIR/v3/Race/index.html,,,,2.16.840.1.113883.5.104,1900-1,2113-9,,
English,Race Ethnicity Subcategory,Answer,,http://terminology.pmi-ops.org/CodeSystem/ppi,White_English,WhatRaceEthnicity_White,,,FHIR,http://www.hl7.org/FHIR/v3/Race/index.html,,,,2.16.840.1.113883.5.104,1900-1,2110-5,,
Italian,Race Ethnicity Subcategory,Answer,,http://terminology.pmi-ops.org/CodeSystem/ppi,White_Italian,WhatRaceEthnicity_White,,,FHIR,http://www.hl7.org/FHIR/v3/Race/index.html,,,,2.16.840.1.113883.5.104,1900-1,2114-7,,
Polish,Race Ethnicity Subcategory,Answer,,http://terminology.pmi-ops.org/CodeSystem/ppi,White_Polish,WhatRaceEthnicity_White,,,FHIR,http://www.hl7.org/FHIR/v3/Race/index.html,,,,2.16.840.1.113883.5.104,1900-1,2115-4,,
French,Race Ethnicity Subcategory,Answer,,http://terminology.pmi-ops.org/CodeSystem/ppi,White_French,WhatRaceEthnicity_White,,,FHIR,http://www.hl7.org/FHIR/v3/Race/index.html,,,,2.16.840.1.113883.5.104,1900-1,2111-3,,
Mexican or Mexican American,Race Ethnicity Subcategory,Answer,,http://terminology.pmi-ops.org/CodeSystem/ppi,Hispanic_Mexican,WhatRaceEthnicity_Hispanic,,,LOINC,http://r.details.loinc.org/AnswerList/LL628-9.html,54133-4,LL628-9,LA10602-3,,,,,
Puerto Rican,Race Ethnicity Subcategory,Answer,,http://terminology.pmi-ops.org/CodeSystem/ppi,Hispanic_PuertoRican,WhatRaceEthnicity_Hispanic,,,LOINC,http://r.details.loinc.org/AnswerList/LL628-9.html,54133-4,LL628-9,LA10605-6,,,,,
Cuban,Race Ethnicity Subcategory,Answer,,http://terminology.pmi-ops.org/CodeSystem/ppi,Hispanic_Cuban,WhatRaceEthnicity_Hispanic,,,LOINC,http://r.details.loinc.org/AnswerList/LL628-9.html,54133-4,LL628-9,LA10600-7,,,,,
Dominican,Race Ethnicity Subcategory,Answer,,http://terminology.pmi-ops.org/CodeSystem/ppi,Hispanic_Dominican,WhatRaceEthnicity_Hispanic,,,LOINC,http://r.details.loinc.org/AnswerList/LL628-9.html,54133-4,LL628-9,LA10601-5,,,,,
Costa Rican,Race Ethnicity Subcategory,Answer,,http://terminology.pmi-ops.org/CodeSystem/ppi,Hispanic_CostaRican,WhatRaceEthnicity_Hispanic,,,FHIR,http://hl7.org/fhir/ValueSet/v3-Ethnicity,,,,2.16.840.1.113883.5.104,1900-1,2156-8,,
Guatemalan,Race Ethnicity Subcategory,Answer,,http://terminology.pmi-ops.org/CodeSystem/ppi,Hispanic_Guatemalan,WhatRaceEthnicity_Hispanic,,,FHIR,http://hl7.org/fhir/ValueSet/v3-Ethnicity,,,,2.16.840.1.113883.5.104,3,2157-6,,
Honduran,Race Ethnicity Subcategory,Answer,,http://terminology.pmi-ops.org/CodeSystem/ppi,Hispanic_Honduran,WhatRaceEthnicity_Hispanic,,,FHIR,http://hl7.org/fhir/ValueSet/v3-Ethnicity,,,,2.16.840.1.113883.5.104,1900-1,2158-4,,
Nicaraguan,Race Ethnicity Subcategory,Answer,,http://terminology.pmi-ops.org/CodeSystem/ppi,Hispanic_Nicaraguan,WhatRaceEthnicity_Hispanic,,,FHIR,http://hl7.org/fhir/ValueSet/v3-Ethnicity,,,,2.16.840.1.113883.5.104,1900-1,2159-2,,
Panamanian,Race Ethnicity Subcategory,Answer,,http://terminology.pmi-ops.org/CodeSystem/ppi,Hispanic_Panamanian,WhatRaceEthnicity_Hispanic,,,FHIR,http://hl7.org/fhir/ValueSet/v3-Ethnicity,,,,2.16.840.1.113883.5.104,1900-1,2160-0,,
Salvadoran,Race Ethnicity Subcategory,Answer,,http://terminology.pmi-ops.org/CodeSystem/ppi,Hispanic_Salvadoran,WhatRaceEthnicity_Hispanic,,,FHIR,http://hl7.org/fhir/ValueSet/v3-Ethnicity,,,,2.16.840.1.113883.5.104,1900-1,2161-8,,
Argentinean,Race Ethnicity Subcategory,Answer,,http://terminology.pmi-ops.org/CodeSystem/ppi,Hispanic_Argentinean,WhatRaceEthnicity_Hispanic,,,FHIR,http://hl7.org/fhir/ValueSet/v3-Ethnicity,,,,2.16.840.1.113883.5.104,1900-1,2166-7,,
Bolivian,Race Ethnicity Subcategory,Answer,,http://terminology.pmi-ops.org/CodeSystem/ppi,Hispanic_Bolivian,WhatRaceEthnicity_Hispanic,,,FHIR,http://hl7.org/fhir/ValueSet/v3-Ethnicity,,,,2.16.840.1.113883.5.104,1900-1,2167-5,,
Chilean,Race Ethnicity Subcategory,Answer,,http://terminology.pmi-ops.org/CodeSystem/ppi,Hispanic_Chilean,WhatRaceEthnicity_Hispanic,,,FHIR,http://hl7.org/fhir/ValueSet/v3-Ethnicity,,,,2.16.840.1.113883.5.104,1900-1,2168-3,,
Columbian,Race Ethnicity Subcategory,Answer,,http://terminology.pmi-ops.org/CodeSystem/ppi,Hispanic_Columbian,WhatRaceEthnicity_Hispanic,,,FHIR,http://hl7.org/fhir/ValueSet/v3-Ethnicity,,,,2.16.840.1.113883.5.104,1900-1,2169-1,,
Ecuadorian,Race Ethnicity Subcategory,Answer,,http://terminology.pmi-ops.org/CodeSystem/ppi,Hispanic_Ecuadorian,WhatRaceEthnicity_Hispanic,,,FHIR,http://hl7.org/fhir/ValueSet/v3-Ethnicity,,,,2.16.840.1.113883.5.104,1900-1,2170-9,,
Paraguayan,Race Ethnicity Subcategory,Answer,,http://terminology.pmi-ops.org/CodeSystem/ppi,Hispanic_Paraguayan,WhatRaceEthnicity_Hispanic,,,FHIR,http://hl7.org/fhir/ValueSet/v3-Ethnicity,,,,2.16.840.1.113883.5.104,1900-1,2171-7,,
Peruvian,Race Ethnicity Subcategory,Answer,,http://terminology.pmi-ops.org/CodeSystem/ppi,Hispanic_Peruvian,WhatRaceEthnicity_Hispanic,,,FHIR,http://hl7.org/fhir/ValueSet/v3-Ethnicity,,,,2.16.840.1.113883.5.104,1900-1,2172-5,,
Uruguayan,Race Ethnicity Subcategory,Answer,,http://terminology.pmi-ops.org/CodeSystem/ppi,Hispanic_Uruguayan,WhatRaceEthnicity_Hispanic,,,FHIR,http://hl7.org/fhir/ValueSet/v3-Ethnicity,,,,2.16.840.1.113883.5.104,1900-1,2173-3,,
Venezuelan,Race Ethnicity Subcategory,Answer,,http://terminology.pmi-ops.org/CodeSystem/ppi,Hispanic_Venezuelan,WhatRaceEthnicity_Hispanic,,,FHIR,http://hl7.org/fhir/ValueSet/v3-Ethnicity,,,,2.16.840.1.113883.5.104,1900-1,2174-1,,
Filipino,Race Ethnicity Subcategory,Answer,,http://terminology.pmi-ops.org/CodeSystem/ppi,Hispanic_Filipino,WhatRaceEthnicity_Hispanic,,,LOINC,http://r.details.loinc.org/AnswerList/LL629-7.html,54134-2,LL629-7,LA10616-3,,,,,
Spanish,Race Ethnicity Subcategory,Answer,,http://terminology.pmi-ops.org/CodeSystem/ppi,Hispanic_Spanish,WhatRaceEthnicity_Hispanic,,,FHIR,http://www.hl7.org/FHIR/v3/Race/index.html,,,,2.16.840.1.113883.5.104,1900-1,1074-4,,
Hispanic/Latino,Race Ethnicity Subcategory,Answer,,http://terminology.pmi-ops.org/CodeSystem/ppi,Hispanic_Latino,WhatRaceEthnicity_Hispanic,,,LOINC,http://r.details.loinc.org/AnswerList/LL2361-5.html,69490-1,LL2361-5,LA6214-6,,,,,
Chicana/Chicano,Race Ethnicity Subcategory,Answer,,http://terminology.pmi-ops.org/CodeSystem/ppi,Hispanic_Chicano,WhatRaceEthnicity_Hispanic,,,FHIR,http://hl7.org/fhir/ValueSet/v3-Ethnicity,,,,2.16.840.1.113883.5.104,1900-1,2151-9,,
Gender,Gender,Topic,,http://terminology.pmi-ops.org/CodeSystem/ppi,Sociodemographic_Gender,Sociodemographic,,,LOINC,http://s.details.loinc.org/LOINC/76691-5.html?sections=Simple,76691-5,,,,,,,
What terms best express how you describe your gender identity?,Gender,Question,open-choice,http://terminology.pmi-ops.org/CodeSystem/ppi,Gender_GenderIdentity,Sociodemographic_Gender,D2b,,,,,,,,,,,
Man,Gender,Answer,,http://terminology.pmi-ops.org/CodeSystem/ppi,GenderIdentity_Man,Gender_GenderIdentity,D2b,,LOINC,http://r.details.loinc.org/AnswerList/LL3322-6.html,76691-5,LL3322-6,LA22878-5,,,,,
Woman,Gender,Answer,,http://terminology.pmi-ops.org/CodeSystem/ppi,GenderIdentity_Woman,Gender_GenderIdentity,D2b,,LOINC,http://r.details.loinc.org/AnswerList/LL3322-6.html,76691-5,LL3322-6,LA22880-1,,,,,
Non-binary (include jump),Gender,Answer,,http://terminology.pmi-ops.org/CodeSystem/ppi,GenderIdentity_NonBinary,Gender_GenderIdentity,D2b,,,,,,,,,,,
Transgender (include jump),Gender,Answer,,http://terminology.pmi-ops.org/CodeSystem/ppi,GenderIdentity_Transgender,Gender_GenderIdentity,D2b,,,,,,,,,,,
"None of these describe me, and Id like to consider additional options (include jump)",Gender,Answer,,http://terminology.pmi-ops.org/CodeSystem/ppi,GenderIdentity_AdditionalOptions,Gender_GenderIdentity,D2b,,,,,,,,,,,
Are any of these a closer description to your gender identity?,Gender,Answer,,http://terminology.pmi-ops.org/CodeSystem/ppi,Gender_CloserGenderDescription,Sociodemographic_Gender,D2b1,,,,,,,,,,,
Transwoman/Transgender Woman/MTF,Gender,Answer,,http://terminology.pmi-ops.org/CodeSystem/ppi,CloserGenderDescription_TransWoman,Gender_CloserGenderDescription,D2b1,,LOINC,http://r.details.loinc.org/AnswerList/LL3322-6.html,76691-5,LL3322-6,LA22879-3,,,,,
Transman/Transgender Man/FTM,Gender,Answer,,http://terminology.pmi-ops.org/CodeSystem/ppi,CloserGenderDescription_TransMan,Gender_CloserGenderDescription,D2b1,,LOINC,http://r.details.loinc.org/AnswerList/LL3322-6.html,76691-5,LL3322-6,LA22881-9,,,,,
Genderqueer/Gender non-conforming,Gender,Answer,,http://terminology.pmi-ops.org/CodeSystem/ppi,CloserGenderDescription_Genderqueer,Gender_CloserGenderDescription,D2b1,,,,,,,,,,,
Genderfluid,Gender,Answer,,http://terminology.pmi-ops.org/CodeSystem/ppi,CloserGenderDescription_Genderfluid,Gender_CloserGenderDescription,D2b1,,,,,,,,,,,
Gender Variant,Gender,Answer,,http://terminology.pmi-ops.org/CodeSystem/ppi,CloserGenderDescription_GenderVariant,Gender_CloserGenderDescription,D2b1,,,,,,,,,,,
Questioning or unsure of your gender identity,Gender,Answer,,http://terminology.pmi-ops.org/CodeSystem/ppi,CloserGenderDescription_Unsure,Gender_CloserGenderDescription,D2b1,,,,,,,,,,,
"None of these describe me, and I want to specify (optional free text)",Gender,Answer,,http://terminology.pmi-ops.org/CodeSystem/ppi,CloserGenderDescription_SpecifiedGender,Gender_CloserGenderDescription,D2b1,,,,,,,,,,,
Are any of these a closer description of how you think of yourself?,Gender,Question,open-choice,http://terminology.pmi-ops.org/CodeSystem/ppi,GenderIdentity_SexualityCloserDescription,Gender_CloserGenderDescription,D2e,,,,,,,,,,,
Queer,Gender,Answer,,http://terminology.pmi-ops.org/CodeSystem/ppi,SexualityCloserDescription_Queer,GenderIdentity_SexualityCloserDescription,D2e,,,,,,,,,,,
"Polysexual, omnisexual, sapiosexual or pansexual",Gender,Answer,,http://terminology.pmi-ops.org/CodeSystem/ppi,SexualityCloserDescription_PolyOmniSapioPansexual,GenderIdentity_SexualityCloserDescription,D2e,,,,,,,,,,,
Asexual,Gender,Answer,,http://terminology.pmi-ops.org/CodeSystem/ppi,SexualityCloserDescription_Asexual,GenderIdentity_SexualityCloserDescription,D2e,,,,,,,,,,,
Two-spirit,Gender,Answer,,http://terminology.pmi-ops.org/CodeSystem/ppi,SexualityCloserDescription_TwoSpirit,GenderIdentity_SexualityCloserDescription,D2e,,,,,,,,,,,
Have not figured out or are in the process of figuring our your sexuality,Gender,Answer,,http://terminology.pmi-ops.org/CodeSystem/ppi,SexualityCloserDescription_NotFiguredOut,GenderIdentity_SexualityCloserDescription,D2e,,,,,,,,,,,
"Mostly straight, but sometimes attracted to people of your own sex",Gender,Answer,,http://terminology.pmi-ops.org/CodeSystem/ppi,SexualityCloserDescription_MostlyStraight,GenderIdentity_SexualityCloserDescription,D2e,,,,,,,,,,,
Do not think of yourself as having sexuality,Gender,Answer,,http://terminology.pmi-ops.org/CodeSystem/ppi,SexualityCloserDescription_NoSexuality,GenderIdentity_SexualityCloserDescription,D2e,,,,,,,,,,,
Do not use labels to identity yourself,Gender,Answer,,http://terminology.pmi-ops.org/CodeSystem/ppi,SexualityCloserDescription_NoLabels,GenderIdentity_SexualityCloserDescription,D2e,,,,,,,,,,,
"No, I mean something else (optional free text)",Gender,Answer,,http://terminology.pmi-ops.org/CodeSystem/ppi,SexualityCloserDescription_SomethingElse,GenderIdentity_SexualityCloserDescription,D2e,,,,,,,,,,,
Home Ownership,Home Ownership,Topic,,http://terminology.pmi-ops.org/CodeSystem/ppi,Sociodemographic_HomeOwn,Sociodemographic,,,,,,,,,,,,
Do you own or rent your home?,Home Ownership,Question,boolean,http://terminology.pmi-ops.org/CodeSystem/ppi,HomeOwn_CurrentHomeOwn,Sociodemographic_HomeOwn,DSS7a,,,,,,,,,,,
Own,Home Ownership,Answer,,http://terminology.pmi-ops.org/CodeSystem/ppi,CurrentHomeOwn_Own,HomeOwn_CurrentHomeOwn,DSS7a,,,,,,,,,,,
Rent,Home Ownership,Answer,,http://terminology.pmi-ops.org/CodeSystem/ppi,CurrentHomeOwn_Rent,HomeOwn_CurrentHomeOwn,DSS7a,,,,,,,,,,,
Other Arrangement,Home Ownership,Answer,,http://terminology.pmi-ops.org/CodeSystem/ppi,CurrentHomeOwn_OtherArrangement,HomeOwn_CurrentHomeOwn,DSS7a,,,,,,,,,,,
Income,Income,Topic,,http://terminology.pmi-ops.org/CodeSystem/ppi,Sociodemographic_Income,Sociodemographic,,,,,,,,,,,,
What is your annual household income from all sources?,Income,Question,open-choice,http://terminology.pmi-ops.org/CodeSystem/ppi,Income_AnnualIncome,Sociodemographic_Income,DSS6,,,,,,,,,,,
"Less than $10,000",Income,Answer,,http://terminology.pmi-ops.org/CodeSystem/ppi,AnnualIncome_less10k,Income_AnnualIncome,DSS6,,,,,,,,,,,
"$10,000- $24,999",Income,Answer,,http://terminology.pmi-ops.org/CodeSystem/ppi,AnnualIncome_10k25k,Income_AnnualIncome,DSS6,,,,,,,,,,,
"$25,000- $34,999",Income,Answer,,http://terminology.pmi-ops.org/CodeSystem/ppi,AnnualIncome_25k35k,Income_AnnualIncome,DSS6,,,,,,,,,,,
"$35,000- $49,999",Income,Answer,,http://terminology.pmi-ops.org/CodeSystem/ppi,AnnualIncome_35k50k,Income_AnnualIncome,DSS6,,,,,,,,,,,
"$50,000- $74,999",Income,Answer,,http://terminology.pmi-ops.org/CodeSystem/ppi,AnnualIncome_50k75k,Income_AnnualIncome,DSS6,,,,,,,,,,,
"$75,000-$99,999$",Income,Answer,,http://terminology.pmi-ops.org/CodeSystem/ppi,AnnualIncome_75k100k,Income_AnnualIncome,DSS6,,,,,,,,,,,
"$100,000- $149,999",Income,Answer,,http://terminology.pmi-ops.org/CodeSystem/ppi,AnnualIncome_100k150k,Income_AnnualIncome,DSS6,,,,,,,,,,,
"$150,000- $199,999",Income,Answer,,http://terminology.pmi-ops.org/CodeSystem/ppi,AnnualIncome_150k200k,Income_AnnualIncome,DSS6,,,,,,,,,,,
"$200,000 or more",Income,Answer,,http://terminology.pmi-ops.org/CodeSystem/ppi,AnnualIncome_more200k,Income_AnnualIncome,DSS6,,,,,,,,,,,
Insurance,Insurance,Topic,,http://terminology.pmi-ops.org/CodeSystem/ppi,Sociodemographic_Insurance,Sociodemographic,,,,,,,,,,,,
Are you covered by health insurance or some other kind of health care plan?,Insurance,Question,boolean,http://terminology.pmi-ops.org/CodeSystem/ppi,Insurance_HealthInsurance,Sociodemographic_Insurance,HIQ.011,,,,,,,,,,,
Covered by Health Insurance,Insurance,Answer,,http://terminology.pmi-ops.org/CodeSystem/ppi,HealthInsurance_Yes,Insurance_HealthInsurance,HIQ.011,,,,,,,,,,,
Not Covered by Health Insurance,Insurance,Answer,,http://terminology.pmi-ops.org/CodeSystem/ppi,HealthInsurance_No,Insurance_HealthInsurance,HIQ.011,,,,,,,,,,,
What kind of health insurance or health care coverage do you have?,Insurance,Question,open-choice,http://terminology.pmi-ops.org/CodeSystem/ppi,HealthInsurance_HealthInsuranceType,Insurance_HealthInsurance,HIQ.031,,,,,,,,,,,
Private health insurance (includes employer-based),Insurance,Answer,,http://terminology.pmi-ops.org/CodeSystem/ppi,HealthInsuranceType_Private,HealthInsurance_HealthInsuranceType,HIQ.031,,,,,,,,,,,
MEDICARE,Insurance,Answer,,http://terminology.pmi-ops.org/CodeSystem/ppi,HealthInsuranceType_Medicare,HealthInsurance_HealthInsuranceType,HIQ.031,,,,,,,,,,,
MEDI-GAP,Insurance,Answer,,http://terminology.pmi-ops.org/CodeSystem/ppi,HealthInsuranceType_MediGAP,HealthInsurance_HealthInsuranceType,HIQ.031,,,,,,,,,,,
MEDICAID,Insurance,Answer,,http://terminology.pmi-ops.org/CodeSystem/ppi,HealthInsuranceType_Medicaid,HealthInsurance_HealthInsuranceType,HIQ.031,,,,,,,,,,,
SCHIP (CHIP/Childrenâ€™s Health Insurance Program),Insurance,Answer,,http://terminology.pmi-ops.org/CodeSystem/ppi,HealthInsuranceType_Schip,HealthInsurance_HealthInsuranceType,HIQ.031,,,,,,,,,,,
Military health care (TRICARE/VA/CHAMP-VA),Insurance,Answer,,http://terminology.pmi-ops.org/CodeSystem/ppi,HealthInsuranceType_Military,HealthInsurance_HealthInsuranceType,HIQ.031,,,,,,,,,,,
Indian health service,Insurance,Answer,,http://terminology.pmi-ops.org/CodeSystem/ppi,HealthInsuranceType_Indian,HealthInsurance_HealthInsuranceType,HIQ.031,,,,,,,,,,,
State-sponsored health plan,Insurance,Answer,,http://terminology.pmi-ops.org/CodeSystem/ppi,HealthInsuranceType_StateSponsored,HealthInsurance_HealthInsuranceType,HIQ.031,,,,,,,,,,,
Other government program,Insurance,Answer,,http://terminology.pmi-ops.org/CodeSystem/ppi,HealthInsuranceType_OtherGovernment,HealthInsurance_HealthInsuranceType,HIQ.031,,,,,,,,,,,
"Single service plan (e.g., dental, vision,  prescriptions)",Insurance,Answer,,http://terminology.pmi-ops.org/CodeSystem/ppi,HealthInsuranceType_SingleService,HealthInsurance_HealthInsuranceType,HIQ.031,,,,,,,,,,,
No coverage of any type,Insurance,Answer,,http://terminology.pmi-ops.org/CodeSystem/ppi,HealthInsuranceType_NoCoverage,HealthInsurance_HealthInsuranceType,HIQ.031,,,,,,,,,,,
Living Situation,Living Situation,Topic,,http://terminology.pmi-ops.org/CodeSystem/ppi,Sociodemographic_LivingSituation,Sociodemographic,,,,,,,,,,,,
Where are you currently living?,Living Situation,Question,open-choice,http://terminology.pmi-ops.org/CodeSystem/ppi,LivingSituation_CurrentLiving,Sociodemographic_LivingSituation,DSS7b,,LOINC,http://s.details.loinc.org/LOINC/46468-5.html?sections=Simple,46468-5,LL260-1,,2.16.840.1.113883.5.63,,,,
On a college campus,Living Situation,Answer,,http://terminology.pmi-ops.org/CodeSystem/ppi,CurrentLiving_CollegeCamp,LivingSituation_CurrentLiving,DSS7b,,,,,,,,,,,
With a friend/roommate,Living Situation,Answer,,http://terminology.pmi-ops.org/CodeSystem/ppi,CurrentLiving_Friend,LivingSituation_CurrentLiving,DSS7b,,LOINC,http://s.details.loinc.org/LOINC/46468-5.html?sections=Simple,46468-5,LL260-1,LA6444-9,,,,,
With family,Living Situation,Answer,,http://terminology.pmi-ops.org/CodeSystem/ppi,CurrentLiving_Family,LivingSituation_CurrentLiving,DSS7b,,LOINC,http://s.details.loinc.org/LOINC/46468-5.html?sections=Simple,46468-5,LL260-1,LA6447-2,,,,,
Motel/hotel,Living Situation,Answer,,http://terminology.pmi-ops.org/CodeSystem/ppi,CurrentLiving_MotelHotel,LivingSituation_CurrentLiving,DSS7b,,,,,,,,,,,
"Hospital, rehabilitation center, drug treatment center, or other temporary institution",Living Situation,Answer,,http://terminology.pmi-ops.org/CodeSystem/ppi,CurrentLiving_TemporaryInstitute,LivingSituation_CurrentLiving,DSS7b,,,,,,,,,,,
"In a group home, nursing home, or other residential facility",Living Situation,Answer,,http://terminology.pmi-ops.org/CodeSystem/ppi,CurrentLiving_ResidentialFacility,LivingSituation_CurrentLiving,DSS7b,,,,,,,,,,,
Transitional housing,Living Situation,Answer,,http://terminology.pmi-ops.org/CodeSystem/ppi,CurrentLiving_Transitional,LivingSituation_CurrentLiving,DSS7b,,,,,,,,,,,
Emergency shelter or homeless shelter,Living Situation,Answer,,http://terminology.pmi-ops.org/CodeSystem/ppi,CurrentLiving_Shelter,LivingSituation_CurrentLiving,DSS7b,,,,,,,,,,,
"Anywhere outside (e.g., street, vehicle, abandoned building)",Living Situation,Answer,,http://terminology.pmi-ops.org/CodeSystem/ppi,CurrentLiving_Outside,LivingSituation_CurrentLiving,DSS7b,,,,,,,,,,,
How many years have you lived at your current address?,Living Situation,Question,open-choice,http://terminology.pmi-ops.org/CodeSystem/ppi,CurrentLiving_HowManyLivingYears,LivingSituation_CurrentLiving,HH3,,,,,,,,,,,
Less than 1 year,Living Situation,Answer,,http://terminology.pmi-ops.org/CodeSystem/ppi,HowManyLivingYears_less1,CurrentLiving_HowManyLivingYears,HH3,,,,,,,,,,,
1-2 years,Living Situation,Answer,,http://terminology.pmi-ops.org/CodeSystem/ppi,HowManyLivingYears_1to2,CurrentLiving_HowManyLivingYears,HH3,,,,,,,,,,,
3-5 years,Living Situation,Answer,,http://terminology.pmi-ops.org/CodeSystem/ppi,HowManyLivingYears_3to5,CurrentLiving_HowManyLivingYears,HH3,,,,,,,,,,,
6-10 years,Living Situation,Answer,,http://terminology.pmi-ops.org/CodeSystem/ppi,HowManyLivingYears_6to10,CurrentLiving_HowManyLivingYears,HH3,,,,,,,,,,,
11-20 years,Living Situation,Answer,,http://terminology.pmi-ops.org/CodeSystem/ppi,HowManyLivingYears_11to20,CurrentLiving_HowManyLivingYears,HH3,,,,,,,,,,,
More than 20 years,Living Situation,Answer,,http://terminology.pmi-ops.org/CodeSystem/ppi,HowManyLivingYears_more20,CurrentLiving_HowManyLivingYears,HH3,,LOINC,http://s.details.loinc.org/LOINC/54134-2.html?sections=Simple,54134-2,,,,,,,
"In the past 6 months, have you been worried or concerned about NOT having stable housing that you own, rent, or stay in as part of a household?",Living Situation,Question,boolean,http://terminology.pmi-ops.org/CodeSystem/ppi,CurrentLiving_StableHouseConcern,LivingSituation_CurrentLiving,DSS7c,,,,,,,,,,,
Yes,Living Situation,Answer,,http://terminology.pmi-ops.org/CodeSystem/ppi,StableHouseConcern_Yes,CurrentLiving_StableHouseConcern,DSS7c,,,,,,,,,,,
No,Living Situation,Answer,,http://terminology.pmi-ops.org/CodeSystem/ppi,StableHouseConcern_No,CurrentLiving_StableHouseConcern,DSS7c,,,,,,,,,,,
"Not including yourself, how many other people live at home with you?",Living Situation,Question,integer,http://terminology.pmi-ops.org/CodeSystem/ppi,CurrentLiving_HowManyPeople,LivingSituation_CurrentLiving,HH1,,,,,,,,,,,
Think of other people who live with you. How many are under the age of 18 years?,Living Situation,Question,integer,http://terminology.pmi-ops.org/CodeSystem/ppi,CurrentLiving_PeopleUnder18,LivingSituation_CurrentLiving,HH2,,,,,,,,,,,
Marital Status,Marital Status,Topic,,http://terminology.pmi-ops.org/CodeSystem/ppi,Sociodemographic_MaritalStatus,Sociodemographic,,,,,,,,,,,,
What is your current marital status?,Marital Status,Question,open-choice,http://terminology.pmi-ops.org/CodeSystem/ppi,MaritalStatus_CurrentMaritalStatus,Sociodemographic_MaritalStatus,DSS2,,,,,,,,,,,
Married,Marital Status,Answer,,http://terminology.pmi-ops.org/CodeSystem/ppi,CurrentMaritalStatus_Married,MaritalStatus_CurrentMaritalStatus,DSS2,,FHIR,http://www.hl7.org/FHIR/v3/MaritalalStatus/index.html,,,,2.16.840.1.113883.5.2,,M,,
Divorced,Marital Status,Answer,,http://terminology.pmi-ops.org/CodeSystem/ppi,CurrentMaritalStatus_Divorced,MaritalStatus_CurrentMaritalStatus,DSS2,,FHIR,http://www.hl7.org/FHIR/v3/MaritalalStatus/index.html,,,,2.16.840.1.113883.5.2,,D,,
Widowed,Marital Status,Answer,,http://terminology.pmi-ops.org/CodeSystem/ppi,CurrentMaritalStatus_Widowed,MaritalStatus_CurrentMaritalStatus,DSS2,,FHIR,http://www.hl7.org/FHIR/v3/MaritalalStatus/index.html,,,,2.16.840.1.113883.5.2,,W,,
Separated,Marital Status,Answer,,http://terminology.pmi-ops.org/CodeSystem/ppi,CurrentMaritalStatus_Separated,MaritalStatus_CurrentMaritalStatus,DSS2,,FHIR,http://www.hl7.org/FHIR/v3/MaritalalStatus/index.html,,,,2.16.840.1.113883.5.2,,L,,
Never Married,Marital Status,Answer,,http://terminology.pmi-ops.org/CodeSystem/ppi,CurrentMaritalStatus_NeverMarried,MaritalStatus_CurrentMaritalStatus,DSS2,,FHIR,http://www.hl7.org/FHIR/v3/MaritalalStatus/index.html,,,,2.16.840.1.113883.5.2,,S,,
Living with partner,Marital Status,Answer,,http://terminology.pmi-ops.org/CodeSystem/ppi,CurrentMaritalStatus_LivingWithPartner,MaritalStatus_CurrentMaritalStatus,DSS2,,FHIR,http://www.hl7.org/FHIR/v3/MaritalalStatus/index.html,,,,2.16.840.1.113883.5.2,,T,,
Which of the following best represents how you think of yourself?,Sexual Orientation,Question,open-choice,http://terminology.pmi-ops.org/CodeSystem/ppi,Sociodemographic_SexualOrientation,Sociodemographic,D2d,,,,,,,,,,,
"Straight; that is, not gay or lesbian",Sexual Orientation,Answer,,http://terminology.pmi-ops.org/CodeSystem/ppi,SexualOrientation_Straight,Sociodemographic_SexualOrientation,D2d,,,,,,,,,,,
Gay,Sexual Orientation,Answer,,http://terminology.pmi-ops.org/CodeSystem/ppi,SexualOrientation_Gay,Sociodemographic_SexualOrientation,D2d,,,,,,,,,,,
Lesbian,Sexual Orientation,Answer,,http://terminology.pmi-ops.org/CodeSystem/ppi,SexualOrientation_Lesbian,Sociodemographic_SexualOrientation,D2d,,,,,,,,,,,
Bisexual,Sexual Orientation,Answer,,http://terminology.pmi-ops.org/CodeSystem/ppi,SexualOrientation_Bisexual,Sociodemographic_SexualOrientation,D2d,,,,,,,,,,,
Phone Information,Telephone Info,Question,,http://terminology.pmi-ops.org/CodeSystem/ppi,Sociodemographic_PhoneInformation,Sociodemographic,,,UMLS,,,,,,,,C0039457,
Type of Phone Number,Telephone Info,Question,open-choice,http://terminology.pmi-ops.org/CodeSystem/ppi,PhoneInformation_NumberType,Sociodemographic_PhoneInformation,,,UMLS,,,,,,,,C1515258,
Home,Telephone Info,Answer,,http://terminology.pmi-ops.org/CodeSystem/ppi,NumberType_Home,PhoneInformation_NumberType,,,UMLS,,,,,,,,C2825559,
Work,Telephone Info,Answer,,http://terminology.pmi-ops.org/CodeSystem/ppi,NumberType_Work,PhoneInformation_NumberType,,,UMLS,,,,,,,,C1549671,
Mobile (cell),Telephone Info,Answer,,http://terminology.pmi-ops.org/CodeSystem/ppi,NumberType_Mobile,PhoneInformation_NumberType,,,UMLS,,,,,,,,C2825539,
Another Number to be Reached at?,Telephone Info,Question,string,http://terminology.pmi-ops.org/CodeSystem/ppi,PhoneInformation_AlternateNumber,Sociodemographic_PhoneInformation,,,,,,,,,,,,
Other Phone: Yes,Telephone Info,Answer,,http://terminology.pmi-ops.org/CodeSystem/ppi,AlternateNumber_Yes,PhoneInformation_AlternateNumber,,,,,,,,,,,,
Other Phone:No,Telephone Info,Answer,,http://terminology.pmi-ops.org/CodeSystem/ppi,AlternateNumber_No,PhoneInformation_AlternateNumber,,,,,,,,,,,,