Display,Topic,Type,Answer Type,PMI System,PMI Code,Parent code,Item ID,Date of Last Update,,Standard Code Source,Source URL,LOINC Category Code (Search This),LOINC Category ID,LOINC Answer ID,FHIR System OID,FHIR Level,FHIR Code,UMLS (SNOMED) ConceptID,UMLS (SNOMED) DescriptionID
The Basics,Module Name,Module Name,,http://terminology.pmi-ops.org/CodeSystem/ppi,TheBasics,,,4/24/2017,,,,,,,,,,,
In what country were you born?,Birthplace,Question,single select,http://terminology.pmi-ops.org/CodeSystem/ppi,TheBasics_Birthplace,TheBasics,D3,4/24/2017,,,,,,,,,,,
USA,Birthplace,Answer,,http://terminology.pmi-ops.org/CodeSystem/ppi,Birthplace_USA,TheBasics_Birthplace,D3,4/24/2017,,,,,,,,,,,
Country Text Box Question,Birthplace,Question,text,http://terminology.pmi-ops.org/CodeSystem/ppi,TheBasics_CountryBornTextBox,TheBasics,D3,5/26/2017,,,,,,,,,,,
Race,Race Ethnicity,Topic,,http://terminology.pmi-ops.org/CodeSystem/ppi,TheBasics_Race,TheBasics,,4/24/2017,,FHIR,http://hl7.org/fhir/v3/Race/index.html,54134-2,,,2.16.840.1.113883.5.104,,,,
What Tribe,,Topic,,http://terminology.pmi-ops.org/CodeSystem/ppi,WhatRaceEthnicity_WhatTribeAffiliation,Race_WhatRaceEthnicity,,5/26/2017,,,,,,,,,,,
"Which categories describe you? Select all that apply. Note, you may select more than one group.",Race Ethnicity,Question,multi-select,http://terminology.pmi-ops.org/CodeSystem/ppi,Race_WhatRaceEthnicity,TheBasics_Race,,4/24/2017,,,,,,,,,,,
"American Indian or Alaska Native (For example: Aztec, Blackfeet Tribe, Mayan, Navajo Nation, Native Village of Barrow Inupiat Traditional Government, Nome Eskimo Community, etc.)*",Race Ethnicity,Answer,,http://terminology.pmi-ops.org/CodeSystem/ppi,WhatRaceEthnicity_AIAN,Race_WhatRaceEthnicity,,5/17/2017,,LOINC,http://r.details.loinc.org/AnswerList/LL629-7.html,54134-2,LL629-7,LA10608-0,,,,,
"Asian (For example: Asian Indian, Chinese, Filipino, Japanese, Korean, Vietnamese, etc.) *",Race Ethnicity,Answer,,http://terminology.pmi-ops.org/CodeSystem/ppi,WhatRaceEthnicity_Asian,Race_WhatRaceEthnicity,,5/17/2017,,LOINC,http://r.details.loinc.org/AnswerList/LL629-7.html,54134-2,LL629-7,LA6156-9,,,,,
"Black, African American, or African (For example: African American, Ethiopian, Haitian, Jamaican, Nigerian, Somali, etc.) *",Race Ethnicity,Answer,,http://terminology.pmi-ops.org/CodeSystem/ppi,WhatRaceEthnicity_Black,Race_WhatRaceEthnicity,,5/17/2017,,LOINC,http://r.details.loinc.org/AnswerList/LL629-7.html,54134-2,LL629-7,LA10610-6,,,,,
"Middle Eastern or North African (For example: Algerian, Egyptian, Iranian, Lebanese, Moroccan, Syrian, etc.) *",Race Ethnicity,Answer,,http://terminology.pmi-ops.org/CodeSystem/ppi,WhatRaceEthnicity_MENA,Race_WhatRaceEthnicity,,5/17/2017,,FHIR,http://www.hl7.org/FHIR/v3/Race/index.html,,,,2.16.840.1.113883.5.104,2,2118-8,,
"Native Hawaiian or other Pacific Islander (For example: Chamorro, Fijian, Marshallese, Native Hawaiian, Tongan, etc.) *",Race Ethnicity,Answer,,http://terminology.pmi-ops.org/CodeSystem/ppi,WhatRaceEthnicity_NHPI,Race_WhatRaceEthnicity,,5/17/2017,,LOINC,http://r.details.loinc.org/AnswerList/LL629-7.html,54134-2,LL629-7,LA10611-4,,,,,
"White (For example: English, European, French, German, Irish, Italian, Polish, etc.) *",Race Ethnicity,Answer,,http://terminology.pmi-ops.org/CodeSystem/ppi,WhatRaceEthnicity_White,Race_WhatRaceEthnicity,,5/17/2017,,LOINC,http://r.details.loinc.org/AnswerList/LL629-7.html,54134-2,LL629-7,LA4457-3,,,,,
"Hispanic, Latino, or Spanish (For example: Columbian, Cuban, Dominican, Mexican or Mexican American, Puerto Rican, Salvadoran, etc.) *",Race Ethnicity,Answer,,http://terminology.pmi-ops.org/CodeSystem/ppi,WhatRaceEthnicity_Hispanic,Race_WhatRaceEthnicity,,5/17/2017,,LOINC,http://s.details.loinc.org/LOINC/54133-4.html?sections=Simple,54133-4,,,,,,,
None of these fully describe me,Race Ethnicity,Answer,,http://terminology.pmi-ops.org/CodeSystem/ppi,WhatRaceEthnicity_RaceEthnicityNoneOfThese,Race_WhatRaceEthnicity,,5/22/2017,,,,,,,,,,,
Race None of These Free Text,Race Ethnicity,Question,text,http://terminology.pmi-ops.org/CodeSystem/ppi,RaceEthnicityNoneOfThese_RaceEthnicityFreeTextBox,WhatRaceEthnicity_RaceEthnicityNoneOfThese,,5/25/2017,,,,,,,,,,,
"American Indian or Alaska Native (For example: Aztec, Blackfeet Tribe, Mayan, Navajo Nation, Native Village of Barrow Inupiat Traditional Government, Nome Eskimo Community, etc.)*",Race Ethnicity,Question,multi-select,http://terminology.pmi-ops.org/CodeSystem/ppi,AIAN_AIANSpecific,WhatRaceEthnicity_AIAN,,5/17/2017,,,,,,,,,,,
"Asian (For example: Asian Indian, Chinese, Filipino, Japanese, Korean, Vietnamese, etc.) *",Race Ethnicity,Question,multi-select,http://terminology.pmi-ops.org/CodeSystem/ppi,Asian_AsianSpecific,WhatRaceEthnicity_Asian,,5/17/2017,,,,,,,,,,,
"Black, African American, or African (For example: African American, Ethiopian, Haitian, Jamaican, Nigerian, Somali, etc.) *",Race Ethnicity,Question,multi-select,http://terminology.pmi-ops.org/CodeSystem/ppi,Black_BlackSpecific,WhatRaceEthnicity_Black,,5/17/2017,,,,,,,,,,,
"Middle Eastern or North African (For example: Algerian, Egyptian, Iranian, Lebanese, Moroccan, Syrian, etc.) *",Race Ethnicity,Question,multi-select,http://terminology.pmi-ops.org/CodeSystem/ppi,MENA_MENASpecific,WhatRaceEthnicity_MENA,,5/17/2017,,,,,,,,,,,
"Native Hawaiian or other Pacific Islander (For example: Chamorro, Fijian, Marshallese, Native Hawaiian, Tongan, etc.) *",Race Ethnicity,Question,multi-select,http://terminology.pmi-ops.org/CodeSystem/ppi,NHPI_NHPISpecific,WhatRaceEthnicity_NHPI,,5/17/2017,,,,,,,,,,,
"White (For example: English, European, French, German, Irish, Italian, Polish, etc.) *",Race Ethnicity,Question,multi-select,http://terminology.pmi-ops.org/CodeSystem/ppi,White_WhiteSpecific,WhatRaceEthnicity_White,,5/17/2017,,,,,,,,,,,
"Hispanic, Latino, or Spanish (For example: Columbian, Cuban, Dominican, Mexican or Mexican American, Puerto Rican, Salvadoran, etc.) *",Race Ethnicity,Question,multi-select,http://terminology.pmi-ops.org/CodeSystem/ppi,Hispanic_HispanicSpecific,WhatRaceEthnicity_Hispanic,,5/17/2017,,,,,,,,,,,
"Provide the name of the tribe in which you are enrolled or affiliated or your tribal descent. (for example, Navajo Nation, Blackfeet Tribe, Mayan, Aztec, Native Village of Barrow Inupiat Traditional Government, Nome Eskimo Community, etc.)",Race Ethnicity,Question,text,http://terminology.pmi-ops.org/CodeSystem/ppi,WhatTribeAffiliation_FreeText,WhatRaceEthnicity_WhatTribeAffiliation,,5/26/2017,,,,,,,,,,,
American Indian,Race Ethnicity Subcategory,Answer,,http://terminology.pmi-ops.org/CodeSystem/ppi,AIANSpecific_AmericanIndian,AIAN_AIANSpecific,,5/22/2017,,FHIR,http://www.hl7.org/FHIR/v3/Race/index.html,,,,2.16.840.1.113883.5.104,2,1004-1,,
Alaska Native,Race Ethnicity Subcategory,Answer,,http://terminology.pmi-ops.org/CodeSystem/ppi,AIANSpecific_AlaskaNative,AIAN_AIANSpecific,,5/22/2017,,FHIR,http://www.hl7.org/FHIR/v3/Race/index.html,,,,2.16.840.1.113883.5.104,2,1735-0,,
Central or South American Indian,Race Ethnicity Subcategory,Answer,,http://terminology.pmi-ops.org/CodeSystem/ppi,AIANSpecific_CentralSouthAmericanIndian,AIAN_AIANSpecific,,5/22/2017,,FHIR,http://www.hl7.org/FHIR/v3/Race/index.html,,,,2.16.840.1.113883.5.104,4,1073-6,,
AIAN None of These Describe Me,Race Ethnicity Subcategory,Answer,,http://terminology.pmi-ops.org/CodeSystem/ppi,AIANSpecific_AIANNoneOfTheseDescribeMe,AIAN_AIANSpecific,,5/26/2017,,,,,,,,,,,
AIAN Free Text,Race Ethnicity Subcategory,Question,text,http://terminology.pmi-ops.org/CodeSystem/ppi,AIANNoneOfTheseDescribeMe_AIANFreeText,AIANSpecific_AIANNoneOfTheseDescribeMe,,5/26/2017,,,,,,,,,,,
Cambodian,Race Ethnicity Subcategory,Answer,,http://terminology.pmi-ops.org/CodeSystem/ppi,AsianSpecific_Cambodian,Asian_AsianSpecific,,5/22/2017,,,,,,,,,,,
Chinese,Race Ethnicity Subcategory,Answer,,http://terminology.pmi-ops.org/CodeSystem/ppi,AsianSpecific_Chinese,Asian_AsianSpecific,,5/22/2017,,FHIR,http://www.hl7.org/FHIR/v3/Race/index.html,,,,2.16.840.1.113883.5.104,2,2034-7,,
Filipino,Race Ethnicity Subcategory,Answer,,http://terminology.pmi-ops.org/CodeSystem/ppi,AsianSpecific_Filipino,Asian_AsianSpecific,,5/22/2017,,,,,,,,,,,
Hmong,Race Ethnicity Subcategory,Answer,,http://terminology.pmi-ops.org/CodeSystem/ppi,AsianSpecific_Hmong,Asian_AsianSpecific,,5/22/2017,,,,,,,,,,,
Asian Indian,Race Ethnicity Subcategory,Answer,,http://terminology.pmi-ops.org/CodeSystem/ppi,AsianSpecific_AsianSpecificIndian,Asian_AsianSpecific,,5/22/2017,,FHIR,http://www.hl7.org/FHIR/v3/Race/index.html,,,,2.16.840.1.113883.5.104,2,2029-7,,
Pakistani,Race Ethnicity Subcategory,Answer,,http://terminology.pmi-ops.org/CodeSystem/ppi,AsianSpecific_Pakistani,Asian_AsianSpecific,,5/22/2017,,,,,,,,,,,
Vietnamese,Race Ethnicity Subcategory,Answer,,http://terminology.pmi-ops.org/CodeSystem/ppi,AsianSpecific_Vietnamese,Asian_AsianSpecific,,5/22/2017,,FHIR,http://www.hl7.org/FHIR/v3/Race/index.html,,,,2.16.840.1.113883.5.104,2,2047-9,,
Korean,Race Ethnicity Subcategory,Answer,,http://terminology.pmi-ops.org/CodeSystem/ppi,AsianSpecific_Korean,Asian_AsianSpecific,,5/22/2017,,FHIR,http://www.hl7.org/FHIR/v3/Race/index.html,,,,2.16.840.1.113883.5.104,1900-1,2040-4,,
Japanese,Race Ethnicity Subcategory,Answer,,http://terminology.pmi-ops.org/CodeSystem/ppi,AsianSpecific_Japanese,Asian_AsianSpecific,,5/22/2017,,FHIR,http://www.hl7.org/FHIR/v3/Race/index.html,,,,2.16.840.1.113883.5.104,1900-1,2039-6,,
Asian None of These Describe Me,Race Ethnicity Subcategory,Answer,,http://terminology.pmi-ops.org/CodeSystem/ppi,AsianSpecific_NoneOfTheseDescribeMe,Asian_AsianSpecific,,5/26/2017,,,,,,,,,,,
Asian Free Text,Race Ethnicity Subcategory,Question,text,http://terminology.pmi-ops.org/CodeSystem/ppi,NoneOfTheseDescribeMe_AsianFreeText,AsianSpecific_NoneOfTheseDescribeMe,,5/26/2017,,,,,,,,,,,
Barbadian,Race Ethnicity Subcategory,Answer,,http://terminology.pmi-ops.org/CodeSystem/ppi,BlackSpecific_Barbadian,Black_BlackSpecific,,5/22/2017,,,,,,,,,,,
Caribbean,Race Ethnicity Subcategory,Answer,,http://terminology.pmi-ops.org/CodeSystem/ppi,BlackSpecific_Caribbean,Black_BlackSpecific,,5/22/2017,,,,,,,,,,,
Liberian,Race Ethnicity Subcategory,Answer,,http://terminology.pmi-ops.org/CodeSystem/ppi,BlackSpecific_Liberian,Black_BlackSpecific,,5/22/2017,,,,,,,,,,,
Somali,Race Ethnicity Subcategory,Answer,,http://terminology.pmi-ops.org/CodeSystem/ppi,BlackSpecific_Somali,Black_BlackSpecific,,5/22/2017,,,,,,,,,,,
South African,Race Ethnicity Subcategory,Answer,,http://terminology.pmi-ops.org/CodeSystem/ppi,BlackSpecific_SouthAfrican,Black_BlackSpecific,,5/22/2017,,,,,,,,,,,
African American,Race Ethnicity Subcategory,Answer,,http://terminology.pmi-ops.org/CodeSystem/ppi,BlackSpecific_AfricanAmerican,Black_BlackSpecific,,5/22/2017,,FHIR,http://www.hl7.org/FHIR/v3/Race/index.html,,,,2.16.840.1.113883.5.104,1900-1,2058-6,,
Jamaican,Race Ethnicity Subcategory,Answer,,http://terminology.pmi-ops.org/CodeSystem/ppi,BlackSpecific_Jamaican,Black_BlackSpecific,,5/22/2017,,FHIR,http://www.hl7.org/FHIR/v3/Race/index.html,,,,2.16.840.1.113883.5.104,1900-1,2072-7,,
Haitian,Race Ethnicity Subcategory,Answer,,http://terminology.pmi-ops.org/CodeSystem/ppi,BlackSpecific_Haitian,Black_BlackSpecific,,5/22/2017,,FHIR,http://www.hl7.org/FHIR/v3/Race/index.html,,,,2.16.840.1.113883.5.104,1900-1,2071-9,,
Nigerian,Race Ethnicity Subcategory,Answer,,http://terminology.pmi-ops.org/CodeSystem/ppi,BlackSpecific_Nigerian,Black_BlackSpecific,,5/22/2017,,FHIR,http://www.hl7.org/FHIR/v3/Race/index.html,,,,2.16.840.1.113883.5.104,1900-1,2065-1,,
Ethiopian,Race Ethnicity Subcategory,Answer,,http://terminology.pmi-ops.org/CodeSystem/ppi,BlackSpecific_Ethiopian,Black_BlackSpecific,,5/22/2017,,FHIR,http://www.hl7.org/FHIR/v3/Race/index.html,,,,2.16.840.1.113883.5.104,1900-1,2062-8,,
Ghanaian,Race Ethnicity Subcategory,Answer,,http://terminology.pmi-ops.org/CodeSystem/ppi,BlackSpecific_Ghanaian,Black_BlackSpecific,,5/22/2017,,UMLS,http://www.hl7.org/FHIR/v3/Race/index.html,,,,,,,315432000,712321018
Black None of These Describe Me,Race Ethnicity Subcategory,Answer,,http://terminology.pmi-ops.org/CodeSystem/ppi,BlackSpecific_BlackNoneOfTheseDescribeMe,Black_BlackSpecific,,5/26/2017,,,,,,,,,,,
Black Free Text,Race Ethnicity Subcategory,Question,text,http://terminology.pmi-ops.org/CodeSystem/ppi,BlackNoneOfTheseDescribeMe_BlackFreeText,BlackSpecific_BlackNoneOfTheseDescribeMe,,5/26/2017,,,,,,,,,,,
Lebanese,Race Ethnicity Subcategory,Answer,,http://terminology.pmi-ops.org/CodeSystem/ppi,MENASpecific_Lebanese,MENA_MENASpecific,,5/22/2017,,FHIR,http://www.hl7.org/FHIR/v3/Race/index.html,,,,2.16.840.1.113883.5.104,1900-1,2123-8,,
Iraqi,Race Ethnicity Subcategory,Answer,,http://terminology.pmi-ops.org/CodeSystem/ppi,MENASpecific_Iraqi,MENA_MENASpecific,,5/22/2017,,,,,,,,,,,
Israeli,Race Ethnicity Subcategory,Answer,,http://terminology.pmi-ops.org/CodeSystem/ppi,MENASpecific_Israeli,MENA_MENASpecific,,5/22/2017,,,,,,,,,,,
Tunisian,Race Ethnicity Subcategory,Answer,,http://terminology.pmi-ops.org/CodeSystem/ppi,MENASpecific_Tunisian,MENA_MENASpecific,,5/22/2017,,,,,,,,,,,
Iranian,Race Ethnicity Subcategory,Answer,,http://terminology.pmi-ops.org/CodeSystem/ppi,MENASpecific_Iranian,MENA_MENASpecific,,5/22/2017,,FHIR,http://www.hl7.org/FHIR/v3/Race/index.html,,,,2.16.840.1.113883.5.104,1900-1,2121-2,,
Egyptian,Race Ethnicity Subcategory,Answer,,http://terminology.pmi-ops.org/CodeSystem/ppi,MENASpecific_Egypt,MENA_MENASpecific,,5/22/2017,,FHIR,http://www.hl7.org/FHIR/v3/Race/index.html,,,,2.16.840.1.113883.5.104,1900-1,2120-4,,
Syrian,Race Ethnicity Subcategory,Answer,,http://terminology.pmi-ops.org/CodeSystem/ppi,MENASpecific_Syrian,MENA_MENASpecific,,5/22/2017,,FHIR,http://www.hl7.org/FHIR/v3/Race/index.html,,,,2.16.840.1.113883.5.104,1900-1,2125-3,,
Moroccan,Race Ethnicity Subcategory,Answer,,http://terminology.pmi-ops.org/CodeSystem/ppi,MENASpecific_Moroccan,MENA_MENASpecific,,5/22/2017,,FHIR,http://www.hl7.org/FHIR/v3/Race/index.html,,,,2.16.840.1.113883.5.104,,,,
MENA None of These Describe Me,Race Ethnicity Subcategory,Answer,,http://terminology.pmi-ops.org/CodeSystem/ppi,MENASpecific_MENANoneOfTheseDescribeMe,MENA_MENASpecific,,5/26/2017,,,,,,,,,,,
MENA Free Text,Race Ethnicity Subcategory,Question,text,http://terminology.pmi-ops.org/CodeSystem/ppi,MENANoneOfTheseDescribeMe_MENAFreeText,MENASpecific_MENANoneOfTheseDescribeMe,,5/26/2017,,,,,,,,,,,
Native Hawaiian,Race Ethnicity Subcategory,Answer,,http://terminology.pmi-ops.org/CodeSystem/ppi,NHPISpecific_NativeHawaiian,NHPI_NHPISpecific,,5/22/2017,,FHIR,http://www.hl7.org/FHIR/v3/Race/index.html,,,,2.16.840.1.113883.5.104,1900-1,2079-2,,
Samoan,Race Ethnicity Subcategory,Answer,,http://terminology.pmi-ops.org/CodeSystem/ppi,NHPISpecific_Samoan,NHPI_NHPISpecific,,5/22/2017,,FHIR,http://www.hl7.org/FHIR/v3/Race/index.html,,,,2.16.840.1.113883.5.104,1900-1,2080-0,,
Chuukese,Race Ethnicity Subcategory,Answer,,http://terminology.pmi-ops.org/CodeSystem/ppi,NHPISpecific_Chuukese,NHPI_NHPISpecific,,5/22/2017,,,,,,,,,,,
Palauan,Race Ethnicity Subcategory,Answer,,http://terminology.pmi-ops.org/CodeSystem/ppi,NHPISpecific_Palauan,NHPI_NHPISpecific,,5/22/2017,,,,,,,,,,,
Tahitian,Race Ethnicity Subcategory,Answer,,http://terminology.pmi-ops.org/CodeSystem/ppi,NHPISpecific_Tahitian,NHPI_NHPISpecific,,5/22/2017,,,,,,,,,,,
Chamorro,Race Ethnicity Subcategory,Answer,,http://terminology.pmi-ops.org/CodeSystem/ppi,NHPISpecific_Chamorro,NHPI_NHPISpecific,,5/22/2017,,FHIR,http://www.hl7.org/FHIR/v3/Race/index.html,,,,2.16.840.1.113883.5.104,1900-1,2088-3,,
Tongan,Race Ethnicity Subcategory,Answer,,http://terminology.pmi-ops.org/CodeSystem/ppi,NHPISpecific_Tongan,NHPI_NHPISpecific,,5/22/2017,,FHIR,http://www.hl7.org/FHIR/v3/Race/index.html,,,,2.16.840.1.113883.5.104,1900-1,2082-6,,
Fijian,Race Ethnicity Subcategory,Answer,,http://terminology.pmi-ops.org/CodeSystem/ppi,NHPISpecific_Fijian,NHPI_NHPISpecific,,5/22/2017,,FHIR,http://www.hl7.org/FHIR/v3/Race/index.html,,,,2.16.840.1.113883.5.104,1900-1,2101-4,,
Marshallese,Race Ethnicity Subcategory,Answer,,http://terminology.pmi-ops.org/CodeSystem/ppi,NHPISpecific_Marshallese,NHPI_NHPISpecific,,5/22/2017,,FHIR,http://www.hl7.org/FHIR/v3/Race/index.html,,,,2.16.840.1.113883.5.104,1900-1,2090-9,,
NHPI None of These Describe Me,Race Ethnicity Subcategory,Answer,,http://terminology.pmi-ops.org/CodeSystem/ppi,NHPISpecific_NHPINoneOfTheseDescribeMe,NHPI_NHPISpecific,,5/26/2017,,,,,,,,,,,
NHPI Free Text,Race Ethnicity Subcategory,Question,text,http://terminology.pmi-ops.org/CodeSystem/ppi,NHPINoneOfTheseDescribeMe_NHPIFreeText,NHPISpecific_NHPINoneOfTheseDescribeMe,,5/26/2017,,,,,,,,,,,
German,Race Ethnicity Subcategory,Answer,,http://terminology.pmi-ops.org/CodeSystem/ppi,WhiteSpecific_German,White_WhiteSpecific,,5/22/2017,,FHIR,http://www.hl7.org/FHIR/v3/Race/index.html,,,,2.16.840.1.113883.5.104,1900-1,2112-1,,
Dutch,Race Ethnicity Subcategory,Answer,,http://terminology.pmi-ops.org/CodeSystem/ppi,WhiteSpecific_Dutch,White_WhiteSpecific,,5/22/2017,,,,,,,,,,,
Norwegian,Race Ethnicity Subcategory,Answer,,http://terminology.pmi-ops.org/CodeSystem/ppi,WhiteSpecific_Norwegian,White_WhiteSpecific,,5/22/2017,,,,,,,,,,,
Scottish,Race Ethnicity Subcategory,Answer,,http://terminology.pmi-ops.org/CodeSystem/ppi,WhiteSpecific_Scottish,White_WhiteSpecific,,5/22/2017,,,,,,,,,,,
Spanish,Race Ethnicity Subcategory,Answer,,http://terminology.pmi-ops.org/CodeSystem/ppi,WhiteSpecific_Spanish,White_WhiteSpecific,,5/22/2017,,,,,,,,,,,
European,Race Ethnicity Subcategory,Answer,,http://terminology.pmi-ops.org/CodeSystem/ppi,WhiteSpecific_European,White_WhiteSpecific,,5/22/2017,,,,,,,,,,,
Irish,Race Ethnicity Subcategory,Answer,,http://terminology.pmi-ops.org/CodeSystem/ppi,WhiteSpecific_Irish,White_WhiteSpecific,,5/22/2017,,FHIR,http://www.hl7.org/FHIR/v3/Race/index.html,,,,2.16.840.1.113883.5.104,1900-1,2113-9,,
English,Race Ethnicity Subcategory,Answer,,http://terminology.pmi-ops.org/CodeSystem/ppi,WhiteSpecific_English,White_WhiteSpecific,,5/22/2017,,FHIR,http://www.hl7.org/FHIR/v3/Race/index.html,,,,2.16.840.1.113883.5.104,1900-1,2110-5,,
Italian,Race Ethnicity Subcategory,Answer,,http://terminology.pmi-ops.org/CodeSystem/ppi,WhiteSpecific_Italian,White_WhiteSpecific,,5/22/2017,,FHIR,http://www.hl7.org/FHIR/v3/Race/index.html,,,,2.16.840.1.113883.5.104,1900-1,2114-7,,
Polish,Race Ethnicity Subcategory,Answer,,http://terminology.pmi-ops.org/CodeSystem/ppi,WhiteSpecific_Polish,White_WhiteSpecific,,5/22/2017,,FHIR,http://www.hl7.org/FHIR/v3/Race/index.html,,,,2.16.840.1.113883.5.104,1900-1,2115-4,,
French,Race Ethnicity Subcategory,Answer,,http://terminology.pmi-ops.org/CodeSystem/ppi,WhiteSpecific_French,White_WhiteSpecific,,5/22/2017,,FHIR,http://www.hl7.org/FHIR/v3/Race/index.html,,,,2.16.840.1.113883.5.104,1900-1,2111-3,,
White None of These Describe Me,Race Ethnicity Subcategory,Answer,,http://terminology.pmi-ops.org/CodeSystem/ppi,WhiteSpecific_WhiteNoneOfTheseDescribeMe,White_WhiteSpecific,,5/26/2017,,,,,,,,,,,
White Free Text,Race Ethnicity Subcategory,Question,text,http://terminology.pmi-ops.org/CodeSystem/ppi,WhiteNoneOfTheseDescribeMe_WhiteFreeText,WhiteSpecific_WhiteNoneOfTheseDescribeMe,,5/26/2017,,,,,,,,,,,
Mexican or Mexican American,Race Ethnicity Subcategory,Answer,,http://terminology.pmi-ops.org/CodeSystem/ppi,HispanicSpecific_Mexican,Hispanic_HispanicSpecific,,5/22/2017,,LOINC,http://r.details.loinc.org/AnswerList/LL628-9.html,54133-4,LL628-9,LA10602-3,,,,,
Puerto Rican,Race Ethnicity Subcategory,Answer,,http://terminology.pmi-ops.org/CodeSystem/ppi,HispanicSpecific_PuertoRican,Hispanic_HispanicSpecific,,5/22/2017,,LOINC,http://r.details.loinc.org/AnswerList/LL628-9.html,54133-4,LL628-9,LA10605-6,,,,,
Gender,Gender,Topic,,http://terminology.pmi-ops.org/CodeSystem/ppi,TheBasics_Gender,TheBasics,,5/17/2017,,LOINC,http://s.details.loinc.org/LOINC/76691-5.html?sections=Simple,76691-5,,,,,,,
Are any of these a closer description to your gender identity?,Gender,Question,multi-select,http://terminology.pmi-ops.org/CodeSystem/ppi,Gender_CloserGenderDescription,TheBasics_Gender,D2b1,4/24/2017,,,,,,,,,,,
Transwoman/Transgender Woman/MTF,Gender,Answer,,http://terminology.pmi-ops.org/CodeSystem/ppi,CloserGenderDescription_TransWoman,Gender_CloserGenderDescription,D2b1,4/24/2017,,LOINC,http://r.details.loinc.org/AnswerList/LL3322-6.html,76691-5,LL3322-6,LA22879-3,,,,,
Transman/Transgender Man/FTM,Gender,Answer,,http://terminology.pmi-ops.org/CodeSystem/ppi,CloserGenderDescription_TransMan,Gender_CloserGenderDescription,D2b1,4/24/2017,,LOINC,http://r.details.loinc.org/AnswerList/LL3322-6.html,76691-5,LL3322-6,LA22881-9,,,,,
Genderqueer,Gender,Answer,,http://terminology.pmi-ops.org/CodeSystem/ppi,CloserGenderDescription_Genderqueer,Gender_CloserGenderDescription,D2b1,4/24/2017,,,,,,,,,,,
Genderfluid,Gender,Answer,,http://terminology.pmi-ops.org/CodeSystem/ppi,CloserGenderDescription_Genderfluid,Gender_CloserGenderDescription,D2b1,4/24/2017,,,,,,,,,,,
Gender Variant,Gender,Answer,,http://terminology.pmi-ops.org/CodeSystem/ppi,CloserGenderDescription_GenderVariant,Gender_CloserGenderDescription,D2b1,4/24/2017,,,,,,,,,,,
Questioning or unsure of your gender identity,Gender,Answer,,http://terminology.pmi-ops.org/CodeSystem/ppi,CloserGenderDescription_Unsure,Gender_CloserGenderDescription,D2b1,4/24/2017,,,,,,,,,,,
"None of these describe me, and I want to specify",Gender,Answer,,http://terminology.pmi-ops.org/CodeSystem/ppi,CloserGenderDescription_SpecifiedGender,Gender_CloserGenderDescription,D2b1,5/17/2017,,,,,,,,,,,
Specified Gender Identity Text Box,Gender,Question,string,http://terminology.pmi-ops.org/CodeSystem/ppi,SpecifiedGender_SpecifiedGenderTextBox,CloserGenderDescription_SpecifiedGender,D2b1,5/24/2017,,,,,,,,,,,
Are any of these a closer description of how you think of yourself?,Sexual Orientation,Question,single select,http://terminology.pmi-ops.org/CodeSystem/ppi,GenderIdentity_SexualityCloserDescription,Gender_CloserGenderDescription,D2e,4/24/2017,,,,,,,,,,,
Queer,Sexual Orientation,Answer,,http://terminology.pmi-ops.org/CodeSystem/ppi,SexualityCloserDescription_Queer,GenderIdentity_SexualityCloserDescription,D2e,4/24/2017,,,,,,,,,,,
"Polysexual, omnisexual, sapiosexual or pansexual",Sexual Orientation,Answer,,http://terminology.pmi-ops.org/CodeSystem/ppi,SexualityCloserDescription_PolyOmniSapioPansexual,GenderIdentity_SexualityCloserDescription,D2e,4/24/2017,,,,,,,,,,,
Asexual,Sexual Orientation,Answer,,http://terminology.pmi-ops.org/CodeSystem/ppi,SexualityCloserDescription_Asexual,GenderIdentity_SexualityCloserDescription,D2e,4/24/2017,,,,,,,,,,,
Two-spirit,Sexual Orientation,Answer,,http://terminology.pmi-ops.org/CodeSystem/ppi,SexualityCloserDescription_TwoSpirit,GenderIdentity_SexualityCloserDescription,D2e,4/24/2017,,,,,,,,,,,
Have not figured out or are in the process of figuring our your sexuality,Sexual Orientation,Answer,,http://terminology.pmi-ops.org/CodeSystem/ppi,SexualityCloserDescription_NotFiguredOut,GenderIdentity_SexualityCloserDescription,D2e,4/24/2017,,,,,,,,,,,
"Mostly straight, but sometimes attracted to people of your own sex",Sexual Orientation,Answer,,http://terminology.pmi-ops.org/CodeSystem/ppi,SexualityCloserDescription_MostlyStraight,GenderIdentity_SexualityCloserDescription,D2e,4/24/2017,,,,,,,,,,,
Do not think of yourself as having sexuality,Sexual Orientation,Answer,,http://terminology.pmi-ops.org/CodeSystem/ppi,SexualityCloserDescription_NoSexuality,GenderIdentity_SexualityCloserDescription,D2e,4/24/2017,,,,,,,,,,,
Do not use labels to identity yourself,Sexual Orientation,Answer,,http://terminology.pmi-ops.org/CodeSystem/ppi,SexualityCloserDescription_NoLabels,GenderIdentity_SexualityCloserDescription,D2e,4/24/2017,,,,,,,,,,,
"No, I mean something else",Sexual Orientation,Answer,,http://terminology.pmi-ops.org/CodeSystem/ppi,SexualityCloserDescription_SomethingElse,GenderIdentity_SexualityCloserDescription,D2e,5/17/2017,,,,,,,,,,,
Something Else Text Box,Sexual Orientation,Question,text,http://terminology.pmi-ops.org/CodeSystem/ppi,SomethingElse_SexualitySomethingElseTextBox,SexualityCloserDescription_SomethingElse,D2e,5/26/2017,,,,,,,,,,,
Don't know the answer,Sexual Orientation,Answer,,http://terminology.pmi-ops.org/CodeSystem/ppi,SexualityCloserDescription_DontKnow,GenderIdentity_SexualityCloserDescription,D2e,5/17/2017,,,,,,,,,,,
Home Ownership,Home Ownership,Topic,,http://terminology.pmi-ops.org/CodeSystem/ppi,TheBasics_HomeOwn,TheBasics,,4/24/2017,,,,,,,,,,,
Do you own or rent the place where you live?,Home Ownership,Question,single select,http://terminology.pmi-ops.org/CodeSystem/ppi,HomeOwn_CurrentHomeOwn,TheBasics_HomeOwn,DSS7a,5/17/2017,,,,,,,,,,,
Own,Home Ownership,Answer,,http://terminology.pmi-ops.org/CodeSystem/ppi,CurrentHomeOwn_Own,HomeOwn_CurrentHomeOwn,DSS7a,4/24/2017,,,,,,,,,,,
Rent,Home Ownership,Answer,,http://terminology.pmi-ops.org/CodeSystem/ppi,CurrentHomeOwn_Rent,HomeOwn_CurrentHomeOwn,DSS7a,4/24/2017,,,,,,,,,,,
Other Arrangement,Home Ownership,Answer,,http://terminology.pmi-ops.org/CodeSystem/ppi,CurrentHomeOwn_OtherArrangement,HomeOwn_CurrentHomeOwn,DSS7a,4/24/2017,,,,,,,,,,,
Income,Income,Topic,,http://terminology.pmi-ops.org/CodeSystem/ppi,TheBasics_Income,TheBasics,,4/24/2017,,,,,,,,,,,
What is your annual household income from all sources?,Income,Question,single select- dropdown,http://terminology.pmi-ops.org/CodeSystem/ppi,Income_AnnualIncome,TheBasics_Income,DSS6,4/24/2017,,,,,,,,,,,
"Less than $10,000",Income,Answer,,http://terminology.pmi-ops.org/CodeSystem/ppi,AnnualIncome_less10k,Income_AnnualIncome,DSS6,4/24/2017,,,,,,,,,,,
"$10,000- $24,999",Income,Answer,,http://terminology.pmi-ops.org/CodeSystem/ppi,AnnualIncome_10k25k,Income_AnnualIncome,DSS6,4/24/2017,,,,,,,,,,,
"$25,000- $34,999",Income,Answer,,http://terminology.pmi-ops.org/CodeSystem/ppi,AnnualIncome_25k35k,Income_AnnualIncome,DSS6,4/24/2017,,,,,,,,,,,
"$35,000- $49,999",Income,Answer,,http://terminology.pmi-ops.org/CodeSystem/ppi,AnnualIncome_35k50k,Income_AnnualIncome,DSS6,4/24/2017,,,,,,,,,,,
"$50,000- $74,999",Income,Answer,,http://terminology.pmi-ops.org/CodeSystem/ppi,AnnualIncome_50k75k,Income_AnnualIncome,DSS6,4/24/2017,,,,,,,,,,,
"$75,000-$99,999$",Income,Answer,,http://terminology.pmi-ops.org/CodeSystem/ppi,AnnualIncome_75k100k,Income_AnnualIncome,DSS6,4/24/2017,,,,,,,,,,,
"$100,000- $149,999",Income,Answer,,http://terminology.pmi-ops.org/CodeSystem/ppi,AnnualIncome_100k150k,Income_AnnualIncome,DSS6,4/24/2017,,,,,,,,,,,
"$150,000- $199,999",Income,Answer,,http://terminology.pmi-ops.org/CodeSystem/ppi,AnnualIncome_150k200k,Income_AnnualIncome,DSS6,4/24/2017,,,,,,,,,,,
"$200,000 or more",Income,Answer,,http://terminology.pmi-ops.org/CodeSystem/ppi,AnnualIncome_more200k,Income_AnnualIncome,DSS6,4/24/2017,,,,,,,,,,,
Insurance,Insurance,Topic,,http://terminology.pmi-ops.org/CodeSystem/ppi,TheBasics_Insurance,TheBasics,,4/24/2017,,,,,,,,,,,
Are you covered by health insurance or some other kind of health care plan?,Insurance,Question,single select,http://terminology.pmi-ops.org/CodeSystem/ppi,Insurance_HealthInsurance,TheBasics_Insurance,HIQ.011,4/24/2017,,,,,,,,,,,
Yes,Insurance,Answer,,http://terminology.pmi-ops.org/CodeSystem/ppi,HealthInsurance_Yes,Insurance_HealthInsurance,HIQ.011,4/24/2017,,,,,,,,,,,
No,Insurance,Answer,,http://terminology.pmi-ops.org/CodeSystem/ppi,HealthInsurance_No,Insurance_HealthInsurance,HIQ.011,4/24/2017,,,,,,,,,,,
"What kind of health insurance or health care coverage do you have? Include those that pay for only one type of service (nursing home care, accidents, or dental care). Exclude private plans that only provide extra cash while hospitalized. If you have more than one kind of health insurance, mark all plans that you have.",Insurance,Question,multi-select,http://terminology.pmi-ops.org/CodeSystem/ppi,HealthInsurance_HealthInsuranceType,Insurance_HealthInsurance,HIQ.031,4/24/2017,,,,,,,,,,,
Private health insurance (includes employer-based),Insurance,Answer,,http://terminology.pmi-ops.org/CodeSystem/ppi,HealthInsuranceType_Private,HealthInsurance_HealthInsuranceType,HIQ.031,4/24/2017,,,,,,,,,,,
MEDICARE,Insurance,Answer,,http://terminology.pmi-ops.org/CodeSystem/ppi,HealthInsuranceType_Medicare,HealthInsurance_HealthInsuranceType,HIQ.031,4/24/2017,,,,,,,,,,,
MEDI-GAP,Insurance,Answer,,http://terminology.pmi-ops.org/CodeSystem/ppi,HealthInsuranceType_MediGAP,HealthInsurance_HealthInsuranceType,HIQ.031,4/24/2017,,,,,,,,,,,
MEDICAID,Insurance,Answer,,http://terminology.pmi-ops.org/CodeSystem/ppi,HealthInsuranceType_Medicaid,HealthInsurance_HealthInsuranceType,HIQ.031,4/24/2017,,,,,,,,,,,
SCHIP (CHIP/Children’s Health Insurance Program),Insurance,Answer,,http://terminology.pmi-ops.org/CodeSystem/ppi,HealthInsuranceType_Schip,HealthInsurance_HealthInsuranceType,HIQ.031,4/24/2017,,,,,,,,,,,
Military health care (TRICARE/VA/CHAMP-VA),Insurance,Answer,,http://terminology.pmi-ops.org/CodeSystem/ppi,HealthInsuranceType_Military,HealthInsurance_HealthInsuranceType,HIQ.031,4/24/2017,,,,,,,,,,,
Indian health service,Insurance,Answer,,http://terminology.pmi-ops.org/CodeSystem/ppi,HealthInsuranceType_Indian,HealthInsurance_HealthInsuranceType,HIQ.031,4/24/2017,,,,,,,,,,,
State-sponsored health plan,Insurance,Answer,,http://terminology.pmi-ops.org/CodeSystem/ppi,HealthInsuranceType_StateSponsored,HealthInsurance_HealthInsuranceType,HIQ.031,4/24/2017,,,,,,,,,,,
Other government program,Insurance,Answer,,http://terminology.pmi-ops.org/CodeSystem/ppi,HealthInsuranceType_OtherGovernment,HealthInsurance_HealthInsuranceType,HIQ.031,4/24/2017,,,,,,,,,,,
"Single service plan (e.g., dental, vision, prescriptions)",Insurance,Answer,,http://terminology.pmi-ops.org/CodeSystem/ppi,HealthInsuranceType_SingleService,HealthInsurance_HealthInsuranceType,HIQ.031,4/24/2017,,,,,,,,,,,
No coverage of any type,Insurance,Answer,,http://terminology.pmi-ops.org/CodeSystem/ppi,HealthInsuranceType_NoCoverage,HealthInsurance_HealthInsuranceType,HIQ.031,4/24/2017,,,,,,,,,,,
Living Situation,Living Situation,Topic,,http://terminology.pmi-ops.org/CodeSystem/ppi,TheBasics_LivingSituation,TheBasics,,4/24/2017,,,,,,,,,,,
Where are you currently living?,Living Situation,Question,single select,http://terminology.pmi-ops.org/CodeSystem/ppi,LivingSituation_CurrentLiving,TheBasics_LivingSituation,DSS7b,4/24/2017,,LOINC,http://s.details.loinc.org/LOINC/46468-5.html?sections=Simple,46468-5,LL260-1,,2.16.840.1.113883.5.63,,,,
On a college campus,Living Situation,Answer,,http://terminology.pmi-ops.org/CodeSystem/ppi,CurrentLiving_CollegeCamp,LivingSituation_CurrentLiving,DSS7b,4/24/2017,,,,,,,,,,,
With a friend/roommate,Living Situation,Answer,,http://terminology.pmi-ops.org/CodeSystem/ppi,CurrentLiving_Friend,LivingSituation_CurrentLiving,DSS7b,4/24/2017,,LOINC,http://s.details.loinc.org/LOINC/46468-5.html?sections=Simple,46468-5,LL260-1,LA6444-9,,,,,
With family,Living Situation,Answer,,http://terminology.pmi-ops.org/CodeSystem/ppi,CurrentLiving_Family,LivingSituation_CurrentLiving,DSS7b,4/24/2017,,LOINC,http://s.details.loinc.org/LOINC/46468-5.html?sections=Simple,46468-5,LL260-1,LA6447-2,,,,,
Motel/hotel,Living Situation,Answer,,http://terminology.pmi-ops.org/CodeSystem/ppi,CurrentLiving_MotelHotel,LivingSituation_CurrentLiving,DSS7b,4/24/2017,,,,,,,,,,,
"Hospital, rehabilitation center, drug treatment center, or other temporary institution",Living Situation,Answer,,http://terminology.pmi-ops.org/CodeSystem/ppi,CurrentLiving_TemporaryInstitute,LivingSituation_CurrentLiving,DSS7b,4/24/2017,,,,,,,,,,,
"In a group home, nursing home, or other residential facility",Living Situation,Answer,,http://terminology.pmi-ops.org/CodeSystem/ppi,CurrentLiving_ResidentialFacility,LivingSituation_CurrentLiving,DSS7b,4/24/2017,,,,,,,,,,,
Transitional housing,Living Situation,Answer,,http://terminology.pmi-ops.org/CodeSystem/ppi,CurrentLiving_Transitional,LivingSituation_CurrentLiving,DSS7b,4/24/2017,,,,,,,,,,,
Emergency shelter or homeless shelter,Living Situation,Answer,,http://terminology.pmi-ops.org/CodeSystem/ppi,CurrentLiving_Shelter,LivingSituation_CurrentLiving,DSS7b,4/24/2017,,,,,,,,,,,
"Anywhere outside (e.g., street, vehicle, abandoned building)",Living Situation,Answer,,http://terminology.pmi-ops.org/CodeSystem/ppi,CurrentLiving_Outside,LivingSituation_CurrentLiving,DSS7b,4/24/2017,,,,,,,,,,,
Living Situation Free Text,Living Situation,Question,text,http://terminology.pmi-ops.org/CodeSystem/ppi,LivingSituation_LivingSituationFreeText,TheBasics_LivingSituation,DSS7b,5/26/2017,,,,,,,,,,,
How many years have you lived at your current address?,Living Situation,Question,single select,http://terminology.pmi-ops.org/CodeSystem/ppi,LivingSituation_HowManyLivingYears,TheBasics_LivingSituation,HH3,4/24/2017,,,,,,,,,,,
Less than 1 year,Living Situation,Answer,,http://terminology.pmi-ops.org/CodeSystem/ppi,HowManyLivingYears_less1,LivingSituation_HowManyLivingYears,HH3,4/24/2017,,,,,,,,,,,
1-2 years,Living Situation,Answer,,http://terminology.pmi-ops.org/CodeSystem/ppi,HowManyLivingYears_1to2,LivingSituation_HowManyLivingYears,HH3,4/24/2017,,,,,,,,,,,
3-5 years,Living Situation,Answer,,http://terminology.pmi-ops.org/CodeSystem/ppi,HowManyLivingYears_3to5,LivingSituation_HowManyLivingYears,HH3,4/24/2017,,,,,,,,,,,
6-10 years,Living Situation,Answer,,http://terminology.pmi-ops.org/CodeSystem/ppi,HowManyLivingYears_6to10,LivingSituation_HowManyLivingYears,HH3,4/24/2017,,,,,,,,,,,
11-20 years,Living Situation,Answer,,http://terminology.pmi-ops.org/CodeSystem/ppi,HowManyLivingYears_11to20,LivingSituation_HowManyLivingYears,HH3,4/24/2017,,,,,,,,,,,
More than 20 years,Living Situation,Answer,,http://terminology.pmi-ops.org/CodeSystem/ppi,HowManyLivingYears_more20,LivingSituation_HowManyLivingYears,HH3,4/24/2017,,LOINC,http://s.details.loinc.org/LOINC/54134-2.html?sections=Simple,54134-2,,,,,,,
"In the past 6 months, have you been worried or concerned about NOT having a place to live?",Living Situation,Question,single select,http://terminology.pmi-ops.org/CodeSystem/ppi,LivingSituation_StableHouseConcern,TheBasics_LivingSituation,DSS7c,5/17/2017,,,,,,,,,,,
Yes,Living Situation,Answer,,http://terminology.pmi-ops.org/CodeSystem/ppi,StableHouseConcern_Yes,LivingSituation_StableHouseConcern,DSS7c,4/24/2017,,,,,,,,,,,
No,Living Situation,Answer,,http://terminology.pmi-ops.org/CodeSystem/ppi,StableHouseConcern_No,LivingSituation_StableHouseConcern,DSS7c,4/24/2017,,,,,,,,,,,
"Not including yourself, how many other people live at home with you?",Living Situation,Question,integer,http://terminology.pmi-ops.org/CodeSystem/ppi,LivingSituation_HowManyPeople,TheBasics_LivingSituation,HH1,4/24/2017,,,,,,,,,,,
Think of other people who live with you. How many are under the age of 18 years?,Living Situation,Question,integer,http://terminology.pmi-ops.org/CodeSystem/ppi,LivingSituation_PeopleUnder18,TheBasics_LivingSituation,HH2,4/24/2017,,,,,,,,,,,
Marital Status,Marital Status,Topic,,http://terminology.pmi-ops.org/CodeSystem/ppi,TheBasics_MaritalStatus,TheBasics,,4/24/2017,,,,,,,,,,,
What is your current marital status?,Marital Status,Question,single select,http://terminology.pmi-ops.org/CodeSystem/ppi,MaritalStatus_CurrentMaritalStatus,TheBasics_MaritalStatus,DSS2,4/24/2017,,,,,,,,,,,
Married,Marital Status,Answer,,http://terminology.pmi-ops.org/CodeSystem/ppi,CurrentMaritalStatus_Married,MaritalStatus_CurrentMaritalStatus,DSS2,4/24/2017,,FHIR,http://www.hl7.org/FHIR/v3/MaritalalStatus/index.html,,,,2.16.840.1.113883.5.2,,M,,
Divorced,Marital Status,Answer,,http://terminology.pmi-ops.org/CodeSystem/ppi,CurrentMaritalStatus_Divorced,MaritalStatus_CurrentMaritalStatus,DSS2,4/24/2017,,FHIR,http://www.hl7.org/FHIR/v3/MaritalalStatus/index.html,,,,2.16.840.1.113883.5.2,,D,,
Widowed,Marital Status,Answer,,http://terminology.pmi-ops.org/CodeSystem/ppi,CurrentMaritalStatus_Widowed,MaritalStatus_CurrentMaritalStatus,DSS2,4/24/2017,,FHIR,http://www.hl7.org/FHIR/v3/MaritalalStatus/index.html,,,,2.16.840.1.113883.5.2,,W,,
Separated,Marital Status,Answer,,http://terminology.pmi-ops.org/CodeSystem/ppi,CurrentMaritalStatus_Separated,MaritalStatus_CurrentMaritalStatus,DSS2,4/24/2017,,FHIR,http://www.hl7.org/FHIR/v3/MaritalalStatus/index.html,,,,2.16.840.1.113883.5.2,,L,,
Never Married,Marital Status,Answer,,http://terminology.pmi-ops.org/CodeSystem/ppi,CurrentMaritalStatus_NeverMarried,MaritalStatus_CurrentMaritalStatus,DSS2,4/24/2017,,FHIR,http://www.hl7.org/FHIR/v3/MaritalalStatus/index.html,,,,2.16.840.1.113883.5.2,,S,,
Living with partner,Marital Status,Answer,,http://terminology.pmi-ops.org/CodeSystem/ppi,CurrentMaritalStatus_LivingWithPartner,MaritalStatus_CurrentMaritalStatus,DSS2,4/24/2017,,FHIR,http://www.hl7.org/FHIR/v3/MaritalalStatus/index.html,,,,2.16.840.1.113883.5.2,,T,,
Which of the following best represents how you think of yourself?,Sexual Orientation,Question,single select,http://terminology.pmi-ops.org/CodeSystem/ppi,TheBasics_SexualOrientation,TheBasics,D2d,4/24/2017,,,,,,,,,,,
"Straight; that is, not gay or lesbian",Sexual Orientation,Answer,,http://terminology.pmi-ops.org/CodeSystem/ppi,SexualOrientation_Straight,TheBasics_SexualOrientation,D2d,4/24/2017,,,,,,,,,,,
Gay,Sexual Orientation,Answer,,http://terminology.pmi-ops.org/CodeSystem/ppi,SexualOrientation_Gay,TheBasics_SexualOrientation,D2d,4/24/2017,,,,,,,,,,,
Lesbian,Sexual Orientation,Answer,,http://terminology.pmi-ops.org/CodeSystem/ppi,SexualOrientation_Lesbian,TheBasics_SexualOrientation,D2d,4/24/2017,,,,,,,,,,,
Bisexual,Sexual Orientation,Answer,,http://terminology.pmi-ops.org/CodeSystem/ppi,SexualOrientation_Bisexual,TheBasics_SexualOrientation,D2d,4/24/2017,,,,,,,,,,,
"None of these describe me, and I'd like to see additional options",Sexual Orientation,Answer,,http://terminology.pmi-ops.org/CodeSystem/ppi,SexualOrientation_None,TheBasics_SexualOrientation,D2d,5/17/2017,,,,,,,,,,,
Secondary Contact Information,Secondary Contact,Topic,,http://terminology.pmi-ops.org/CodeSystem/ppi,TheBasics_SecondaryContactInfo,TheBasics,,4/24/2017,,,,,,,,,,,
"The PMI will contact you periodically to gather additional health related information. In case we cannot contact you, please provide the names, addresses, and telephone numbers of 2 relatives or friends who would know where you could be reached in case we have trouble reaching you. (Please give us the names of persons not currently living in the household).",Secondary Contact,Topic,,http://terminology.pmi-ops.org/CodeSystem/ppi,SecondaryContactInfo_FirstContactsInfo,TheBasics_SecondaryContactInfo,ID5,5/26/2017,,,,,,,,,,,
Person 1 name (First),Secondary Contact,Question,string,http://terminology.pmi-ops.org/CodeSystem/ppi,SecondaryContactInfo_PersonOneFirstName,TheBasics_SecondaryContactInfo,ID5,5/26/2017,,,,,,,,,,,
Person 1 name (MI),Secondary Contact,Question,string,http://terminology.pmi-ops.org/CodeSystem/ppi,SecondaryContactInfo_PersonOneMiddleInitial,TheBasics_SecondaryContactInfo,ID5,5/26/2017,,,,,,,,,,,
Person 1 name (Last),Secondary Contact,Question,string,http://terminology.pmi-ops.org/CodeSystem/ppi,SecondaryContactInfo_PersonOneLastName,TheBasics_SecondaryContactInfo,ID5,5/26/2017,,,,,,,,,,,
Person 1 Address Line 1,Secondary Contact,Question,string,http://terminology.pmi-ops.org/CodeSystem/ppi,SecondaryContactInfo_PersonOneAddressOne,TheBasics_SecondaryContactInfo,ID5,5/26/2017,,,,,,,,,,,
Person 1 Address Line 2,Secondary Contact,Question,string,http://terminology.pmi-ops.org/CodeSystem/ppi,SecondaryContactInfo_PersonOneAddressTwo,TheBasics_SecondaryContactInfo,ID5,5/26/2017,,,,,,,,,,,
City,Secondary Contact,Question,string,http://terminology.pmi-ops.org/CodeSystem/ppi,PersonOneAddress_PersonOneAddressCity,SecondaryContactInfo_PersonOneAddressOne,ID5,5/26/2017,,,,,,,,,,,
State,Secondary Contact,Question,single select- dropdown,http://terminology.pmi-ops.org/CodeSystem/ppi,PersonOneAddress_PersonOneAddressState,SecondaryContactInfo_PersonOneAddressOne,ID5,5/26/2017,,,,,,,,,,,
Zip-Code,Secondary Contact,Question,string,http://terminology.pmi-ops.org/CodeSystem/ppi,PersonOneAddress_PersonOneAddressZipCode,SecondaryContactInfo_PersonOneAddressOne,ID5,5/26/2017,,,,,,,,,,,
Person 1 Email Address,Secondary Contact,Question,string,http://terminology.pmi-ops.org/CodeSystem/ppi,SecondaryContactInfo_PersonOneEmail,TheBasics_SecondaryContactInfo,ID5,4/24/2017,,,,,,,,,,,
Person 1 Area code/Telephone number (allow none refused or dk),Secondary Contact,Question,string,http://terminology.pmi-ops.org/CodeSystem/ppi,SecondaryContactInfo_PersonOneTelephone,TheBasics_SecondaryContactInfo,ID5,5/17/2017,,,,,,,,,,,
Relationship to respondent,Secondary Contact,Question,string,http://terminology.pmi-ops.org/CodeSystem/ppi,SecondaryContactInfo_PersonOneRelationship,TheBasics_SecondaryContactInfo,ID5,5/17/2017,,,,,,,,,,,
Child,Secondary Contact,Answer,,http://terminology.pmi-ops.org/CodeSystem/ppi,PersonOneRelationship_Child,SecondaryContactInfo_PersonOneRelationship,ID5,5/17/2017,,,,,,,,,,,
Friend,Secondary Contact,Answer,,http://terminology.pmi-ops.org/CodeSystem/ppi,PersonOneRelationship_Friend,SecondaryContactInfo_PersonOneRelationship,ID5,5/17/2017,,,,,,,,,,,
Parent or Guardian,Secondary Contact,Answer,,http://terminology.pmi-ops.org/CodeSystem/ppi,PersonOneRelationship_ParentGuardian,SecondaryContactInfo_PersonOneRelationship,ID5,5/17/2017,,,,,,,,,,,
Relative,Secondary Contact,Answer,,http://terminology.pmi-ops.org/CodeSystem/ppi,PersonOneRelationship_Relative,SecondaryContactInfo_PersonOneRelationship,ID5,5/17/2017,,,,,,,,,,,
Spouse or Partner,Secondary Contact,Answer,,http://terminology.pmi-ops.org/CodeSystem/ppi,PersonOneRelationship_SpousePartner,SecondaryContactInfo_PersonOneRelationship,ID5,5/17/2017,,,,,,,,,,,
Person 2 name (First),Secondary Contact,Question,string,http://terminology.pmi-ops.org/CodeSystem/ppi,SecondaryContactInfo_SecondContactsFirstName,TheBasics_SecondaryContactInfo,Cont2a,5/26/2017,,,,,,,,,,,
Person 2 name (MI),,Question,string,http://terminology.pmi-ops.org/CodeSystem/ppi,SecondaryContactInfo_SecondContactsMiddleInitial,TheBasics_SecondaryContactInfo,Cont2a,5/26/2017,,,,,,,,,,,
Person 2 name (Last),,Question,string,http://terminology.pmi-ops.org/CodeSystem/ppi,SecondaryContactInfo_SecondContactsLastName,TheBasics_SecondaryContactInfo,Cont2a,5/26/2017,,,,,,,,,,,
Person 2 Address Line 1,Secondary Contact,Question,string,http://terminology.pmi-ops.org/CodeSystem/ppi,SecondaryContactInfo_SecondContactsAddressOne,TheBasics_SecondaryContactInfo,Cont2b,5/26/2017,,,,,,,,,,,
Person 2 Address Line 2,Secondary Contact,Question,string,http://terminology.pmi-ops.org/CodeSystem/ppi,SecondaryContactInfo_SecondContactsAddressTwo,TheBasics_SecondaryContactInfo,Cont2b,5/26/2017,,,,,,,,,,,
City,Secondary Contact,Question,string,http://terminology.pmi-ops.org/CodeSystem/ppi,SecondContactsAddress_SecondContactCity,SecondaryContactInfo_SecondContactsAddressOne,Cont2b,5/26/2017,,,,,,,,,,,
State,Secondary Contact,Question,string,http://terminology.pmi-ops.org/CodeSystem/ppi,SecondContactsAddress_SecondContactState,SecondaryContactInfo_SecondContactsAddressOne,Cont2b,5/26/2017,,,,,,,,,,,
Zip-Code,Secondary Contact,Question,string,http://terminology.pmi-ops.org/CodeSystem/ppi,SecondContactsAddress_SecondContactZipCode,SecondaryContactInfo_SecondContactsAddressOne,Cont2b,5/26/2017,,,,,,,,,,,
What is this second person's email address?,Secondary Contact,Question,string,http://terminology.pmi-ops.org/CodeSystem/ppi,SecondaryContactInfo_SecondContactsEmail,TheBasics_SecondaryContactInfo,Cont2c,4/24/2017,,,,,,,,,,,
"What is this second person's telephone number, beginning with the area code?",Secondary Contact,Question,string,http://terminology.pmi-ops.org/CodeSystem/ppi,SecondaryContactInfo_SecondContactsNumber,TheBasics_SecondaryContactInfo,Cont2d,4/24/2017,,,,,,,,,,,
Prefer not to answer,Secondary Contact,Question,single select,http://terminology.pmi-ops.org/CodeSystem/ppi,SecondaryContactInfo_PersonOnePreferNotToAnswer,TheBasics_SecondaryContactInfo,,10/5/2017,,,,,,,,,,,
Prefer not to answer,Secondary Contact,Question,single select,http://terminology.pmi-ops.org/CodeSystem/ppi,SecondaryContactInfo_PersonTwoPreferNotToAnswer,TheBasics_SecondaryContactInfo,,10/5/2017,,,,,,,,,,,
What is this second person's relationship to you?,Secondary Contact,Question,single select- dropdown,http://terminology.pmi-ops.org/CodeSystem/ppi,SecondaryContactInfo_SecondContactsRelationship,TheBasics_SecondaryContactInfo,Cont2e,4/24/2017,,,,,,,,,,,
Child,Secondary Contact,Answer,,http://terminology.pmi-ops.org/CodeSystem/ppi,SecondContactsRelationship_Child,SecondaryContactInfo_SecondContactsRelationship,Cont2e,5/17/2017,,,,,,,,,,,
Friend,Secondary Contact,Answer,,http://terminology.pmi-ops.org/CodeSystem/ppi,SecondContactsRelationship_Friend,SecondaryContactInfo_SecondContactsRelationship,Cont2e,5/17/2017,,,,,,,,,,,
Parent or Guardian,Secondary Contact,Answer,,http://terminology.pmi-ops.org/CodeSystem/ppi,SecondContactsRelationship_ParentGuardian,SecondaryContactInfo_SecondContactsRelationship,Cont2e,5/17/2017,,,,,,,,,,,
Relative,Secondary Contact,Answer,,http://terminology.pmi-ops.org/CodeSystem/ppi,SecondContactsRelationship_Relative,SecondaryContactInfo_SecondContactsRelationship,Cont2e,5/17/2017,,,,,,,,,,,
Spouse or Partner,Secondary Contact,Answer,,http://terminology.pmi-ops.org/CodeSystem/ppi,SecondContactsRelationship_SpousePartner,SecondaryContactInfo_SecondContactsRelationship,Cont2e,5/17/2017,,,,,,,,,,,
Education Level,Education Level,Topic,,http://terminology.pmi-ops.org/CodeSystem/ppi,TheBasics_EducationLevel,TheBasics,D6,4/24/2017,,,,,,,,,,,
What is the highest grade or year of school you completed?,Education Level,Question,single select- dropdown,http://terminology.pmi-ops.org/CodeSystem/ppi,EducationLevel_HighestGrade,TheBasics_EducationLevel,D6,4/24/2017,,,,,,,,,,,
Never attended school or only attended kindergarten,Education Level,Answer,,http://terminology.pmi-ops.org/CodeSystem/ppi,HighestGrade_NeverAttended,EducationLevel_HighestGrade,D6,4/24/2017,,,,,,,,,,,
Grades 1 through 4 (Primary),Education Level,Answer,,http://terminology.pmi-ops.org/CodeSystem/ppi,HighestGrade_OneThroughFour,EducationLevel_HighestGrade,D6,4/24/2017,,,,,,,,,,,
Grades 5 through 8 (Middle School),Education Level,Answer,,http://terminology.pmi-ops.org/CodeSystem/ppi,HighestGrade_FiveThroughEight,EducationLevel_HighestGrade,D6,5/17/2017,,,,,,,,,,,
Grades 9 through 11 (Some high school),Education Level,Answer,,http://terminology.pmi-ops.org/CodeSystem/ppi,HighestGrade_NineThroughEleven,EducationLevel_HighestGrade,D6,4/24/2017,,,,,,,,,,,
Grade 12 or GED (High school graduate),Education Level,Answer,,http://terminology.pmi-ops.org/CodeSystem/ppi,HighestGrade_TwelveOrGED,EducationLevel_HighestGrade,D6,4/24/2017,,,,,,,,,,,
"1 to 3 years (Some college, Associate's Degree or technical school)",Education Level,Answer,,http://terminology.pmi-ops.org/CodeSystem/ppi,HighestGrade_CollegeOnetoThree,EducationLevel_HighestGrade,D6,5/17/2017,,,,,,,,,,,
College 4 years or more (College graduate),Education Level,Answer,,http://terminology.pmi-ops.org/CodeSystem/ppi,HighestGrade_CollegeGraduate,EducationLevel_HighestGrade,D6,4/24/2017,,,,,,,,,,,
"Advanced degree (Master's, Doctorate, etc.)",Education Level,Answer,,http://terminology.pmi-ops.org/CodeSystem/ppi,HighestGrade_AdvancedDegree,EducationLevel_HighestGrade,D6,4/24/2017,,,,,,,,,,,
Social Security,Social Security,Topic,,http://terminology.pmi-ops.org/CodeSystem/ppi,TheBasics_SocialSecurity,TheBasics,,5/17/2017,,,,,,,,,,,
What is your Social Security Number,Social Security,Question,text,http://terminology.pmi-ops.org/CodeSystem/ppi,SocialSecurity_SocialSecurityNumber,TheBasics_SocialSecurity,,5/17/2017,,,,,,,,,,,
Prefer not to answer,Social Security,Question,single select,http://terminology.pmi-ops.org/CodeSystem/ppi,SocialSecurity_PreferNotToAnswer,TheBasics_SocialSecurity,,10/5/2017,,,,,,,,,,,
Employment Status,Employment,Topic,,http://terminology.pmi-ops.org/CodeSystem/ppi,TheBasics_Employment,TheBasics,DSS5a,5/17/2017,,,,,,,,,,,
What is your current employment status? Please select 1 or more of these categories.,Employment,Question,multi-select,http://terminology.pmi-ops.org/CodeSystem/ppi,Employment_EmploymentStatus,TheBasics_Employment,DSS5a,5/17/2017,,,,,,,,,,,
Employed for wages (part-­‐ time or full-­‐time),Employment,Answer,,http://terminology.pmi-ops.org/CodeSystem/ppi,EmploymentStatus_EmployedForWages,Employment_EmploymentStatus,DSS5a,5/17/2017,,,,,,,,,,,
Self-­‐employed,Employment,Answer,,http://terminology.pmi-ops.org/CodeSystem/ppi,EmploymentStatus_SelfEmployed,Employment_EmploymentStatus,DSS5a,5/17/2017,,,,,,,,,,,
Out of work for 1 year or more,Employment,Answer,,http://terminology.pmi-ops.org/CodeSystem/ppi,EmploymentStatus_OutOfWorkOneOrMore,Employment_EmploymentStatus,DSS5a,5/17/2017,,,,,,,,,,,
Out of work for less than 1 year,Employment,Answer,,http://terminology.pmi-ops.org/CodeSystem/ppi,EmploymentStatus_OutOfWorkLessThanOne,Employment_EmploymentStatus,DSS5a,5/17/2017,,,,,,,,,,,
A homemaker,Employment,Answer,,http://terminology.pmi-ops.org/CodeSystem/ppi,EmploymentStatus_Homemaker,Employment_EmploymentStatus,DSS5a,5/17/2017,,,,,,,,,,,
A student,Employment,Answer,,http://terminology.pmi-ops.org/CodeSystem/ppi,EmploymentStatus_Student,Employment_EmploymentStatus,DSS5a,5/17/2017,,,,,,,,,,,
Retired,Employment,Answer,,http://terminology.pmi-ops.org/CodeSystem/ppi,EmploymentStatus_Retired,Employment_EmploymentStatus,DSS5a,5/17/2017,,,,,,,,,,,
Unable to work (disabled),Employment,Answer,,http://terminology.pmi-ops.org/CodeSystem/ppi,EmploymentStatus_UnableToWork,Employment_EmploymentStatus,DSS5a,5/17/2017,,,,,,,,,,,
If DSS5a= employed for wages or self-­‐employed: What is your work street address?,Employment,Question,text,http://terminology.pmi-ops.org/CodeSystem/ppi,Employment_EmploymentWorkAddress,TheBasics_Employment,DSS5a,5/17/2017,,,,,,,,,,,
Address Line 1,Employment,Question,string,http://terminology.pmi-ops.org/CodeSystem/ppi,EmploymentWorkAddress_AddressLineOne,Employment_EmploymentWorkAddress,DSS5a,5/17/2017,,,,,,,,,,,
Address Line 2 (optional),Employment,Question,string,http://terminology.pmi-ops.org/CodeSystem/ppi,EmploymentWorkAddress_AddressLineTwo,Employment_EmploymentWorkAddress,DSS5a,5/17/2017,,,,,,,,,,,
City,Employment,Question,text,http://terminology.pmi-ops.org/CodeSystem/ppi,EmploymentWorkAddress_City,Employment_EmploymentWorkAddress,DSS5a,5/17/2017,,,,,,,,,,,
State,Employment,Question,single select- drop down,http://terminology.pmi-ops.org/CodeSystem/ppi,EmploymentWorkAddress_State,Employment_EmploymentWorkAddress,DSS5a,5/17/2017,,,,,,,,,,,
Zip-Code,Employment,Question,text,http://terminology.pmi-ops.org/CodeSystem/ppi,EmploymentWorkAddress_ZipCode,Employment_EmploymentWorkAddress,DSS5a,5/17/2017,,,,,,,,,,,
Country,Employment,Question,text,http://terminology.pmi-ops.org/CodeSystem/ppi,EmploymentWorkAddress_Country,Employment_EmploymentWorkAddress,DSS5a,5/17/2017,,,,,,,,,,,
Cuban,Race Ethnicity Subcategory,Answer,,http://terminology.pmi-ops.org/CodeSystem/ppi,HispanicSpecific_Cuban,Hispanic_HispanicSpecific,,5/22/2017,,LOINC,http://r.details.loinc.org/AnswerList/LL628-9.html,54133-4,LL628-9,LA10600-7,,,,,
Dominican,Race Ethnicity Subcategory,Answer,,http://terminology.pmi-ops.org/CodeSystem/ppi,HispanicSpecific_Dominican,Hispanic_HispanicSpecific,,5/22/2017,,LOINC,http://r.details.loinc.org/AnswerList/LL628-9.html,54133-4,LL628-9,LA10601-5,,,,,
Honduran,Race Ethnicity Subcategory,Answer,,http://terminology.pmi-ops.org/CodeSystem/ppi,HispanicSpecific_Honduran,Hispanic_HispanicSpecific,,5/22/2017,,FHIR,http://hl7.org/fhir/ValueSet/v3-Ethnicity,,,,2.16.840.1.113883.5.104,1900-1,2158-4,,
Salvadoran,Race Ethnicity Subcategory,Answer,,http://terminology.pmi-ops.org/CodeSystem/ppi,HispanicSpecific_Salvadoran,Hispanic_HispanicSpecific,,5/22/2017,,FHIR,http://hl7.org/fhir/ValueSet/v3-Ethnicity,,,,2.16.840.1.113883.5.104,1900-1,2161-8,,
Colombian,Race Ethnicity Subcategory,Answer,,http://terminology.pmi-ops.org/CodeSystem/ppi,HispanicSpecific_Colombian,Hispanic_HispanicSpecific,,5/22/2017,,FHIR,http://hl7.org/fhir/ValueSet/v3-Ethnicity,,,,2.16.840.1.113883.5.104,1900-1,2169-1,,
Ecuadorian,Race Ethnicity Subcategory,Answer,,http://terminology.pmi-ops.org/CodeSystem/ppi,HispanicSpecific_Ecuadorian,Hispanic_HispanicSpecific,,5/22/2017,,FHIR,http://hl7.org/fhir/ValueSet/v3-Ethnicity,,,,2.16.840.1.113883.5.104,1900-1,2170-9,,
Spanish,Race Ethnicity Subcategory,Answer,,http://terminology.pmi-ops.org/CodeSystem/ppi,HispanicSpecific_Spanish,Hispanic_HispanicSpecific,,5/22/2017,,FHIR,http://www.hl7.org/FHIR/v3/Race/index.html,,,,2.16.840.1.113883.5.104,1900-1,1074-4,,
Hispanic None of These Describe Me,Race Ethnicity Subcategory,Answer,,http://terminology.pmi-ops.org/CodeSystem/ppi,HispanicSpecific_HispanicNoneOfTheseDescribeMe,Hispanic_HispanicSpecific,,5/26/2017,,,,,,,,,,,
Hispamic Free Text,Race Ethnicity Subcategory,Question,text,http://terminology.pmi-ops.org/CodeSystem/ppi,HispanicNoneOfTheseDescribeMe_HispanicFreeText,HispanicSpecific_HispanicNoneOfTheseDescribeMe,,5/26/2017,,,,,,,,,,,
Algerian,Race Ethnicity Subcategory,Answer,,http://terminology.pmi-ops.org/CodeSystem/ppi,MENASpecific_Algerian,MENA_MENASpecific,,5/22/2017,,FHIR,http://www.hl7.org/FHIR/v3/Race/index.html,,,,2.16.840.1.113883.5.104,,,,
Afghan,Race Ethnicity Subcategory,Answer,,http://terminology.pmi-ops.org/CodeSystem/ppi,MENASpecific_Afghan,MENA_MENASpecific,,5/22/2017,,FHIR,http://www.hl7.org/FHIR/v3/Race/index.html,,,,2.16.840.1.113883.5.104,1900-1,2126-1,,
What terms best express how you describe your gender identity?,Gender,Question,multi-select,http://terminology.pmi-ops.org/CodeSystem/ppi,Gender_GenderIdentity,TheBasics_Gender,D2b,5/17/2017,,,,,,,,,,,
Man,Gender,Answer,,http://terminology.pmi-ops.org/CodeSystem/ppi,GenderIdentity_Man,Gender_GenderIdentity,D2b,5/17/2017,,LOINC,http://r.details.loinc.org/AnswerList/LL3322-6.html,76691-5,LL3322-6,LA22878-5,,,,,
Woman,Gender,Answer,,http://terminology.pmi-ops.org/CodeSystem/ppi,GenderIdentity_Woman,Gender_GenderIdentity,D2b,5/17/2017,,LOINC,http://r.details.loinc.org/AnswerList/LL3322-6.html,76691-5,LL3322-6,LA22880-1,,,,,
Non-binary,Gender,Answer,,http://terminology.pmi-ops.org/CodeSystem/ppi,GenderIdentity_NonBinary,Gender_GenderIdentity,D2b,5/17/2017,,,,,,,,,,,
Transgender,Gender,Answer,,http://terminology.pmi-ops.org/CodeSystem/ppi,GenderIdentity_Transgender,Gender_GenderIdentity,D2b,5/17/2017,,,,,,,,,,,
"None of these describe me, and Id like to consider additional options",Gender,Answer,,http://terminology.pmi-ops.org/CodeSystem/ppi,GenderIdentity_AdditionalOptions,Gender_GenderIdentity,D2b,5/17/2017,,,,,,,,,,,
Biological Sex at Birth,Biological Sex,Topic,,http://terminology.pmi-ops.org/CodeSystem/ppi,TheBasics_BiologicalSexAtBirth,TheBasics,D2a,5/22/2017,,,,,,,,,,,
What was your biological sex assigned at birth?,Biological Sex,Question,single select,http://terminology.pmi-ops.org/CodeSystem/ppi,BiologicalSexAtBirth_SexAtBirth,TheBasics_BiologicalSexAtBirth,D2a,5/22/2017,,,,,,,,,,,
Male,Biological Sex,Answer,,http://terminology.pmi-ops.org/CodeSystem/ppi,SexAtBirth_Male,BiologicalSexAtBirth_SexAtBirth,D2a,5/22/2017,,,,,,,,,,,
Female,Biological Sex,Answer,,http://terminology.pmi-ops.org/CodeSystem/ppi,SexAtBirth_Female,BiologicalSexAtBirth_SexAtBirth,D2a,5/22/2017,,,,,,,,,,,
Intersex,Biological Sex,Answer,,http://terminology.pmi-ops.org/CodeSystem/ppi,SexAtBirth_Intersex,BiologicalSexAtBirth_SexAtBirth,D2a,5/22/2017,,,,,,,,,,,
None of these describe me,Biological Sex,Answer,,http://terminology.pmi-ops.org/CodeSystem/ppi,SexAtBirth_SexAtBirthNoneOfThese,BiologicalSexAtBirth_SexAtBirth,D2a,5/26/2017,,,,,,,,,,,
None of these Text Box,Biological Sex,Question,text,http://terminology.pmi-ops.org/CodeSystem/ppi,SexAtBirthNoneOfThese_SexAtBirthTextBox,SexAtBirth_SexAtBirthNoneOfThese,D2a,5/26/2017,,,,,,,,,,,
Active Duty,Active Duty,Topic,,http://terminology.pmi-ops.org/CodeSystem/ppi,TheBasics_ActiveDuty,TheBasics,,5/22/2017,,,,,,,,,,,
"Have you ever served on active duty in the United States Armed forces, either in the regular military or in a National Guard or military reserve unit?",Active Duty,Question,single select,http://terminology.pmi-ops.org/CodeSystem/ppi,ActiveDuty_AvtiveDutyServeStatus,TheBasics_ActiveDuty,,5/22/2017,,,,,,,,,,,
Yes,Active Duty,Answer,,http://terminology.pmi-ops.org/CodeSystem/ppi,AvtiveDutyServeStatus_Yes,ActiveDuty_AvtiveDutyServeStatus,,5/22/2017,,,,,,,,,,,
No,Active Duty,Answer,,http://terminology.pmi-ops.org/CodeSystem/ppi,AvtiveDutyServeStatus_No,ActiveDuty_AvtiveDutyServeStatus,,5/22/2017,,,,,,,,,,,
Are you currently covered by any of the following types of health insurance or health coverage plans? Select all that apply from one group.,Insurance,Question,multi-select,http://terminology.pmi-ops.org/CodeSystem/ppi,HealthInsurance_InsuranceTypeUpdate,Insurance_HealthInsurance,,5/17/2018,,,,,,,,,,,
Are you currently covered by any of the following types of health insurance or health coverage plans? Mark yes or no for EACH type of coverage below,Insurance,Question,multi-select,http://terminology.pmi-ops.org/CodeSystem/ppi,InsuranceTypeUpdate_EmployerOrUnion,HealthInsurance_InsuranceTypeUpdate,,1/31/2018,,,,,,,,,,,
Insurance purchased directly from an insurance company (by you or another family member),Insurance,Answer,,http://terminology.pmi-ops.org/CodeSystem/ppi,InsuranceTypeUpdate_Purchased,HealthInsurance_InsuranceTypeUpdate,,5/17/2018,,,,,,,,,,,
"Medicare, for people 65 and older or people with certain disabilities",Insurance,Answer,,http://terminology.pmi-ops.org/CodeSystem/ppi,InsuranceTypeUpdate_Medicare,HealthInsurance_InsuranceTypeUpdate,,5/17/2018,,,,,,,,,,,
"Medicaid, Medical Assistance, or any kind of government-assistance plan for those with low incomes or disability",Insurance,Answer,,http://terminology.pmi-ops.org/CodeSystem/ppi,InsuranceTypeUpdate_Medicaid,HealthInsurance_InsuranceTypeUpdate,,5/17/2018,,,,,,,,,,,
TRICARE or other military health care,Insurance,Answer,,http://terminology.pmi-ops.org/CodeSystem/ppi,InsuranceTypeUpdate_Military,HealthInsurance_InsuranceTypeUpdate,,5/17/2018,,,,,,,,,,,
Veterans Affairs (VA) (including those who have ever used or enrolled for VA health care),Insurance,Answer,,http://terminology.pmi-ops.org/CodeSystem/ppi,InsuranceTypeUpdate_VA,HealthInsurance_InsuranceTypeUpdate,,5/17/2018,,,,,,,,,,,
Indian Health Service,Insurance,Answer,,http://terminology.pmi-ops.org/CodeSystem/ppi,InsuranceTypeUpdate_Indian,HealthInsurance_InsuranceTypeUpdate,,5/17/2018,,,,,,,,,,,
Any other type of health insurance or health coverage plan,Insurance,Answer,,http://terminology.pmi-ops.org/CodeSystem/ppi,InsuranceTypeUpdate_OtherHealthPlan,HealthInsurance_InsuranceTypeUpdate,,5/17/2018,,,,,,,,,,,
"I don’t have health insurance, self-pay",Insurance,Answer,,http://terminology.pmi-ops.org/CodeSystem/ppi,InsuranceTypeUpdate_None,HealthInsurance_InsuranceTypeUpdate,,5/17/2018,,,,,,,,,,,
other (please specify),Insurance,Question,text input,http://terminology.pmi-ops.org/CodeSystem/ppi,OtherHealthPlan_FreeText,InsuranceTypeUpdate_OtherHealthPlan,,5/17/2018,,,,,,,,,,,
Alabama,Secondary Contact,Answer,,http://terminology.pmi-ops.org/CodeSystem/ppi,PersonOneAddressState_AL,PersonOneAddress_PersonOneAddressState,,5/17/2017,,,,,,,,,,,
Alaska,Secondary Contact,Answer,,http://terminology.pmi-ops.org/CodeSystem/ppi,PersonOneAddressState_AK,PersonOneAddress_PersonOneAddressState,,5/17/2017,,,,,,,,,,,
American Samoa,Secondary Contact,Answer,,http://terminology.pmi-ops.org/CodeSystem/ppi,PersonOneAddressState_AS,PersonOneAddress_PersonOneAddressState,,5/17/2017,,,,,,,,,,,
Arizona,Secondary Contact,Answer,,http://terminology.pmi-ops.org/CodeSystem/ppi,PersonOneAddressState_AZ,PersonOneAddress_PersonOneAddressState,,5/17/2017,,,,,,,,,,,
Arkansas,Secondary Contact,Answer,,http://terminology.pmi-ops.org/CodeSystem/ppi,PersonOneAddressState_AR,PersonOneAddress_PersonOneAddressState,,5/17/2017,,,,,,,,,,,
California,Secondary Contact,Answer,,http://terminology.pmi-ops.org/CodeSystem/ppi,PersonOneAddressState_CA,PersonOneAddress_PersonOneAddressState,,5/17/2017,,,,,,,,,,,
Connecticut,Secondary Contact,Answer,,http://terminology.pmi-ops.org/CodeSystem/ppi,PersonOneAddressState_CT,PersonOneAddress_PersonOneAddressState,,5/17/2017,,,,,,,,,,,
Federated States of Micronesia,Secondary Contact,Answer,,http://terminology.pmi-ops.org/CodeSystem/ppi,PersonOneAddressState_FM,PersonOneAddress_PersonOneAddressState,,5/17/2017,,,,,,,,,,,
Florida,Secondary Contact,Answer,,http://terminology.pmi-ops.org/CodeSystem/ppi,PersonOneAddressState_FL,PersonOneAddress_PersonOneAddressState,,5/17/2017,,,,,,,,,,,
Georgia,Secondary Contact,Answer,,http://terminology.pmi-ops.org/CodeSystem/ppi,PersonOneAddressState_GA,PersonOneAddress_PersonOneAddressState,,5/17/2017,,,,,,,,,,,
Guam,Secondary Contact,Answer,,http://terminology.pmi-ops.org/CodeSystem/ppi,PersonOneAddressState_GU,PersonOneAddress_PersonOneAddressState,,5/17/2017,,,,,,,,,,,
Idaho,Secondary Contact,Answer,,http://terminology.pmi-ops.org/CodeSystem/ppi,PersonOneAddressState_ID,PersonOneAddress_PersonOneAddressState,,5/17/2017,,,,,,,,,,,
Illinois,Secondary Contact,Answer,,http://terminology.pmi-ops.org/CodeSystem/ppi,PersonOneAddressState_IL,PersonOneAddress_PersonOneAddressState,,5/17/2017,,,,,,,,,,,
Indiana,Secondary Contact,Answer,,http://terminology.pmi-ops.org/CodeSystem/ppi,PersonOneAddressState_IN,PersonOneAddress_PersonOneAddressState,,5/17/17,,,,,,,,,,,
Iowa,Secondary Contact,Answer,,http://terminology.pmi-ops.org/CodeSystem/ppi,PersonOneAddressState_IA,PersonOneAddress_PersonOneAddressState,,5/17/17,,,,,,,,,,,
Kansas,Secondary Contact,Answer,,http://terminology.pmi-ops.org/CodeSystem/ppi,PersonOneAddressState_KS,PersonOneAddress_PersonOneAddressState,,5/17/17,,,,,,,,,,,
Kentucky,Secondary Contact,Answer,,http://terminology.pmi-ops.org/CodeSystem/ppi,PersonOneAddressState_KY,PersonOneAddress_PersonOneAddressState,,5/17/17,,,,,,,,,,,
Louisiana,Secondary Contact,Answer,,http://terminology.pmi-ops.org/CodeSystem/ppi,PersonOneAddressState_LA,PersonOneAddress_PersonOneAddressState,,5/17/17,,,,,,,,,,,
Maine,Secondary Contact,Answer,,http://terminology.pmi-ops.org/CodeSystem/ppi,PersonOneAddressState_ME,PersonOneAddress_PersonOneAddressState,,5/17/17,,,,,,,,,,,
Marshall Islands,Secondary Contact,Answer,,http://terminology.pmi-ops.org/CodeSystem/ppi,PersonOneAddressState_MH,PersonOneAddress_PersonOneAddressState,,5/17/17,,,,,,,,,,,
Massachusetts,Secondary Contact,Answer,,http://terminology.pmi-ops.org/CodeSystem/ppi,PersonOneAddressState_MA,PersonOneAddress_PersonOneAddressState,,5/17/17,,,,,,,,,,,
Michigan,Secondary Contact,Answer,,http://terminology.pmi-ops.org/CodeSystem/ppi,PersonOneAddressState_MI,PersonOneAddress_PersonOneAddressState,,5/17/17,,,,,,,,,,,
Minnesota,Secondary Contact,Answer,,http://terminology.pmi-ops.org/CodeSystem/ppi,PersonOneAddressState_MN,PersonOneAddress_PersonOneAddressState,,5/17/17,,,,,,,,,,,
Mississippi,Secondary Contact,Answer,,http://terminology.pmi-ops.org/CodeSystem/ppi,PersonOneAddressState_MS,PersonOneAddress_PersonOneAddressState,,5/17/17,,,,,,,,,,,
Missouri,Secondary Contact,Answer,,http://terminology.pmi-ops.org/CodeSystem/ppi,PersonOneAddressState_MO,PersonOneAddress_PersonOneAddressState,,5/17/17,,,,,,,,,,,
Montana,Secondary Contact,Answer,,http://terminology.pmi-ops.org/CodeSystem/ppi,PersonOneAddressState_MT,PersonOneAddress_PersonOneAddressState,,5/17/17,,,,,,,,,,,
Nebraska,Secondary Contact,Answer,,http://terminology.pmi-ops.org/CodeSystem/ppi,PersonOneAddressState_NE,PersonOneAddress_PersonOneAddressState,,5/17/17,,,,,,,,,,,
Nevada,Secondary Contact,Answer,,http://terminology.pmi-ops.org/CodeSystem/ppi,PersonOneAddressState_NV,PersonOneAddress_PersonOneAddressState,,5/17/17,,,,,,,,,,,
New Hampshire,Secondary Contact,Answer,,http://terminology.pmi-ops.org/CodeSystem/ppi,PersonOneAddressState_NH,PersonOneAddress_PersonOneAddressState,,5/17/17,,,,,,,,,,,
New Mexico,Secondary Contact,Answer,,http://terminology.pmi-ops.org/CodeSystem/ppi,PersonOneAddressState_NM,PersonOneAddress_PersonOneAddressState,,5/17/17,,,,,,,,,,,
North Carolina,Secondary Contact,Answer,,http://terminology.pmi-ops.org/CodeSystem/ppi,PersonOneAddressState_NC,PersonOneAddress_PersonOneAddressState,,5/17/17,,,,,,,,,,,
North Dakota,Secondary Contact,Answer,,http://terminology.pmi-ops.org/CodeSystem/ppi,PersonOneAddressState_ND,PersonOneAddress_PersonOneAddressState,,5/17/17,,,,,,,,,,,
North Marianas Islands,Secondary Contact,Answer,,http://terminology.pmi-ops.org/CodeSystem/ppi,PersonOneAddressState_MP,PersonOneAddress_PersonOneAddressState,,5/17/17,,,,,,,,,,,
Oklahoma,Secondary Contact,Answer,,http://terminology.pmi-ops.org/CodeSystem/ppi,PersonOneAddressState_OK,PersonOneAddress_PersonOneAddressState,,5/17/17,,,,,,,,,,,
Oregon,Secondary Contact,Answer,,http://terminology.pmi-ops.org/CodeSystem/ppi,PersonOneAddressState_OR,PersonOneAddress_PersonOneAddressState,,5/17/17,,,,,,,,,,,
Palau,Secondary Contact,Answer,,http://terminology.pmi-ops.org/CodeSystem/ppi,PersonOneAddressState_PW,PersonOneAddress_PersonOneAddressState,,5/17/17,,,,,,,,,,,
Puerto Rico,Secondary Contact,Answer,,http://terminology.pmi-ops.org/CodeSystem/ppi,PersonOneAddressState_PR,PersonOneAddress_PersonOneAddressState,,5/17/17,,,,,,,,,,,
South Carolina,Secondary Contact,Answer,,http://terminology.pmi-ops.org/CodeSystem/ppi,PersonOneAddressState_SC,PersonOneAddress_PersonOneAddressState,,5/17/17,,,,,,,,,,,
South Dakota,Secondary Contact,Answer,,http://terminology.pmi-ops.org/CodeSystem/ppi,PersonOneAddressState_SD,PersonOneAddress_PersonOneAddressState,,5/17/17,,,,,,,,,,,
Tennessee,Secondary Contact,Answer,,http://terminology.pmi-ops.org/CodeSystem/ppi,PersonOneAddressState_TN,PersonOneAddress_PersonOneAddressState,,5/17/17,,,,,,,,,,,
Utah,Secondary Contact,Answer,,http://terminology.pmi-ops.org/CodeSystem/ppi,PersonOneAddressState_UT,PersonOneAddress_PersonOneAddressState,,5/17/17,,,,,,,,,,,
Vermont,Secondary Contact,Answer,,http://terminology.pmi-ops.org/CodeSystem/ppi,PersonOneAddressState_VT,PersonOneAddress_PersonOneAddressState,,5/17/17,,,,,,,,,,,
Virgin Islands,Secondary Contact,Answer,,http://terminology.pmi-ops.org/CodeSystem/ppi,PersonOneAddressState_VI,PersonOneAddress_PersonOneAddressState,,5/17/17,,,,,,,,,,,
Virginia,Secondary Contact,Answer,,http://terminology.pmi-ops.org/CodeSystem/ppi,PersonOneAddressState_VA,PersonOneAddress_PersonOneAddressState,,5/17/17,,,,,,,,,,,
Washington,Secondary Contact,Answer,,http://terminology.pmi-ops.org/CodeSystem/ppi,PersonOneAddressState_WA,PersonOneAddress_PersonOneAddressState,,5/17/17,,,,,,,,,,,
West Virginia,Secondary Contact,Answer,,http://terminology.pmi-ops.org/CodeSystem/ppi,PersonOneAddressState_WV,PersonOneAddress_PersonOneAddressState,,5/17/17,,,,,,,,,,,
Wisconsin,Secondary Contact,Answer,,http://terminology.pmi-ops.org/CodeSystem/ppi,PersonOneAddressState_WI,PersonOneAddress_PersonOneAddressState,,5/17/17,,,,,,,,,,,
Wyoming,Secondary Contact,Answer,,http://terminology.pmi-ops.org/CodeSystem/ppi,PersonOneAddressState_WY,PersonOneAddress_PersonOneAddressState,,5/17/17,,,,,,,,,,,
Maryland,Secondary Contact,Answer,,http://terminology.pmi-ops.org/CodeSystem/ppi,PersonOneAddressState_MD,PersonOneAddress_PersonOneAddressState,,5/17/17,,,,,,,,,,,
Delaware,Secondary Contact,Answer,,http://terminology.pmi-ops.org/CodeSystem/ppi,PersonOneAddressState_DE,PersonOneAddress_PersonOneAddressState,,5/17/17,,,,,,,,,,,
New Jersey,Secondary Contact,Answer,,http://terminology.pmi-ops.org/CodeSystem/ppi,PersonOneAddressState_NJ,PersonOneAddress_PersonOneAddressState,,5/17/17,,,,,,,,,,,
Hawaii,Secondary Contact,Answer,,http://terminology.pmi-ops.org/CodeSystem/ppi,PersonOneAddressState_HI,PersonOneAddress_PersonOneAddressState,,5/17/17,,,,,,,,,,,
Texas,Secondary Contact,Answer,,http://terminology.pmi-ops.org/CodeSystem/ppi,PersonOneAddressState_TX,PersonOneAddress_PersonOneAddressState,,5/17/17,,,,,,,,,,,
Colorado,Secondary Contact,Answer,,http://terminology.pmi-ops.org/CodeSystem/ppi,PersonOneAddressState_CO,PersonOneAddress_PersonOneAddressState,,5/17/17,,,,,,,,,,,
Rhode Island,Secondary Contact,Answer,,http://terminology.pmi-ops.org/CodeSystem/ppi,PersonOneAddressState_RI,PersonOneAddress_PersonOneAddressState,,5/17/17,,,,,,,,,,,
Pennsylvania,Secondary Contact,Answer,,http://terminology.pmi-ops.org/CodeSystem/ppi,PersonOneAddressState_PA,PersonOneAddress_PersonOneAddressState,,5/17/17,,,,,,,,,,,
Ohio,Secondary Contact,Answer,,http://terminology.pmi-ops.org/CodeSystem/ppi,PersonOneAddressState_OH,PersonOneAddress_PersonOneAddressState,,5/17/17,,,,,,,,,,,
New York,Secondary Contact,Answer,,http://terminology.pmi-ops.org/CodeSystem/ppi,PersonOneAddressState_NY,PersonOneAddress_PersonOneAddressState,,5/17/17,,,,,,,,,,,
District of Columbia,Secondary Contact,Answer,,http://terminology.pmi-ops.org/CodeSystem/ppi,PersonOneAddressState_DC,PersonOneAddress_PersonOneAddressState,,5/17/17,,,,,,,,,,,
Alabama,Secondary Contact,Answer,,http://terminology.pmi-ops.org/CodeSystem/ppi,SecondContactState_Alabama,SecondContactsAddress_SecondContactState,,5/17/17,,,,,,,,,,,
AmericanSamoa,Secondary Contact,Answer,,http://terminology.pmi-ops.org/CodeSystem/ppi,SecondContactState_AmericanSamoa,SecondContactsAddress_SecondContactState,,5/17/17,,,,,,,,,,,
Alaska,Secondary Contact,Answer,,http://terminology.pmi-ops.org/CodeSystem/ppi,SecondContactState_Alaska,SecondContactsAddress_SecondContactState,,5/17/17,,,,,,,,,,,
Arizona,Secondary Contact,Answer,,http://terminology.pmi-ops.org/CodeSystem/ppi,SecondContactState_Arizona,SecondContactsAddress_SecondContactState,,5/17/17,,,,,,,,,,,
Arkansas,Secondary Contact,Answer,,http://terminology.pmi-ops.org/CodeSystem/ppi,SecondContactState_Arkansas,SecondContactsAddress_SecondContactState,,5/17/17,,,,,,,,,,,
California,Secondary Contact,Answer,,http://terminology.pmi-ops.org/CodeSystem/ppi,SecondContactState_California,SecondContactsAddress_SecondContactState,,5/17/17,,,,,,,,,,,
Colorado,Secondary Contact,Answer,,http://terminology.pmi-ops.org/CodeSystem/ppi,SecondContactState_Colorado,SecondContactsAddress_SecondContactState,,5/17/17,,,,,,,,,,,
Connecticut,Secondary Contact,Answer,,http://terminology.pmi-ops.org/CodeSystem/ppi,SecondContactState_Connecticut,SecondContactsAddress_SecondContactState,,5/17/17,,,,,,,,,,,
Delaware,Secondary Contact,Answer,,http://terminology.pmi-ops.org/CodeSystem/ppi,SecondContactState_Delaware,SecondContactsAddress_SecondContactState,,5/17/17,,,,,,,,,,,
DistrictofColumbia,Secondary Contact,Answer,,http://terminology.pmi-ops.org/CodeSystem/ppi,SecondContactState_DistrictofColumbia,SecondContactsAddress_SecondContactState,,5/17/17,,,,,,,,,,,
FederatedStatesofMicronesia,Secondary Contact,Answer,,http://terminology.pmi-ops.org/CodeSystem/ppi,SecondContactState_FederatedStatesofMicronesia,SecondContactsAddress_SecondContactState,,5/17/17,,,,,,,,,,,
Florida,Secondary Contact,Answer,,http://terminology.pmi-ops.org/CodeSystem/ppi,SecondContactState_Florida,SecondContactsAddress_SecondContactState,,5/17/17,,,,,,,,,,,
Georgia,Secondary Contact,Answer,,http://terminology.pmi-ops.org/CodeSystem/ppi,SecondContactState_Georgia,SecondContactsAddress_SecondContactState,,5/17/17,,,,,,,,,,,
Guam,Secondary Contact,Answer,,http://terminology.pmi-ops.org/CodeSystem/ppi,SecondContactState_Guam,SecondContactsAddress_SecondContactState,,5/17/17,,,,,,,,,,,
Hawaii,Secondary Contact,Answer,,http://terminology.pmi-ops.org/CodeSystem/ppi,SecondContactState_Hawaii,SecondContactsAddress_SecondContactState,,5/17/17,,,,,,,,,,,
Idaho,Secondary Contact,Answer,,http://terminology.pmi-ops.org/CodeSystem/ppi,SecondContactState_Idaho,SecondContactsAddress_SecondContactState,,5/17/17,,,,,,,,,,,
Illinois,Secondary Contact,Answer,,http://terminology.pmi-ops.org/CodeSystem/ppi,SecondContactState_Illinois,SecondContactsAddress_SecondContactState,,5/17/17,,,,,,,,,,,
Indiana,Secondary Contact,Answer,,http://terminology.pmi-ops.org/CodeSystem/ppi,SecondContactState_Indiana,SecondContactsAddress_SecondContactState,,5/17/17,,,,,,,,,,,
Iowa,Secondary Contact,Answer,,http://terminology.pmi-ops.org/CodeSystem/ppi,SecondContactState_Iowa,SecondContactsAddress_SecondContactState,,5/17/17,,,,,,,,,,,
Kansas,Secondary Contact,Answer,,http://terminology.pmi-ops.org/CodeSystem/ppi,SecondContactState_Kansas,SecondContactsAddress_SecondContactState,,5/17/17,,,,,,,,,,,
Kentucky,Secondary Contact,Answer,,http://terminology.pmi-ops.org/CodeSystem/ppi,SecondContactState_Kentucky,SecondContactsAddress_SecondContactState,,5/17/17,,,,,,,,,,,
Louisiana,Secondary Contact,Answer,,http://terminology.pmi-ops.org/CodeSystem/ppi,SecondContactState_Louisiana,SecondContactsAddress_SecondContactState,,5/17/17,,,,,,,,,,,
Maine,Secondary Contact,Answer,,http://terminology.pmi-ops.org/CodeSystem/ppi,SecondContactState_Maine,SecondContactsAddress_SecondContactState,,5/17/17,,,,,,,,,,,
MarshallIslands,Secondary Contact,Answer,,http://terminology.pmi-ops.org/CodeSystem/ppi,SecondContactState_MarshallIslands,SecondContactsAddress_SecondContactState,,5/17/17,,,,,,,,,,,
Maryland,Secondary Contact,Answer,,http://terminology.pmi-ops.org/CodeSystem/ppi,SecondContactState_Maryland,SecondContactsAddress_SecondContactState,,5/17/17,,,,,,,,,,,
Massachusetts,Secondary Contact,Answer,,http://terminology.pmi-ops.org/CodeSystem/ppi,SecondContactState_Massachusetts,SecondContactsAddress_SecondContactState,,5/17/17,,,,,,,,,,,
Michigan,Secondary Contact,Answer,,http://terminology.pmi-ops.org/CodeSystem/ppi,SecondContactState_Michigan,SecondContactsAddress_SecondContactState,,5/17/17,,,,,,,,,,,
Minnesota,Secondary Contact,Answer,,http://terminology.pmi-ops.org/CodeSystem/ppi,SecondContactState_Minnesota,SecondContactsAddress_SecondContactState,,5/17/17,,,,,,,,,,,
Mississippi,Secondary Contact,Answer,,http://terminology.pmi-ops.org/CodeSystem/ppi,SecondContactState_Mississippi,SecondContactsAddress_SecondContactState,,5/17/17,,,,,,,,,,,
Missouri,Secondary Contact,Answer,,http://terminology.pmi-ops.org/CodeSystem/ppi,SecondContactState_Missouri,SecondContactsAddress_SecondContactState,,5/17/17,,,,,,,,,,,
Montana,Secondary Contact,Answer,,http://terminology.pmi-ops.org/CodeSystem/ppi,SecondContactState_Montana,SecondContactsAddress_SecondContactState,,5/17/17,,,,,,,,,,,
Nebraska,Secondary Contact,Answer,,http://terminology.pmi-ops.org/CodeSystem/ppi,SecondContactState_Nebraska,SecondContactsAddress_SecondContactState,,5/17/17,,,,,,,,,,,
Nevada,Secondary Contact,Answer,,http://terminology.pmi-ops.org/CodeSystem/ppi,SecondContactState_Nevada,SecondContactsAddress_SecondContactState,,5/17/17,,,,,,,,,,,
NewHampshire,Secondary Contact,Answer,,http://terminology.pmi-ops.org/CodeSystem/ppi,SecondContactState_NewHampshire,SecondContactsAddress_SecondContactState,,5/17/17,,,,,,,,,,,
NewJersey,Secondary Contact,Answer,,http://terminology.pmi-ops.org/CodeSystem/ppi,SecondContactState_NewJersey,SecondContactsAddress_SecondContactState,,5/17/17,,,,,,,,,,,
NewMexico,Secondary Contact,Answer,,http://terminology.pmi-ops.org/CodeSystem/ppi,SecondContactState_NewMexico,SecondContactsAddress_SecondContactState,,5/17/17,,,,,,,,,,,
NewYork,Secondary Contact,Answer,,http://terminology.pmi-ops.org/CodeSystem/ppi,SecondContactState_NewYork,SecondContactsAddress_SecondContactState,,5/17/17,,,,,,,,,,,
NorthCarolina,Secondary Contact,Answer,,http://terminology.pmi-ops.org/CodeSystem/ppi,SecondContactState_NorthCarolina,SecondContactsAddress_SecondContactState,,5/17/17,,,,,,,,,,,
NorthDakota,Secondary Contact,Answer,,http://terminology.pmi-ops.org/CodeSystem/ppi,SecondContactState_NorthDakota,SecondContactsAddress_SecondContactState,,5/17/17,,,,,,,,,,,
NorthMarianasIslands,Secondary Contact,Answer,,http://terminology.pmi-ops.org/CodeSystem/ppi,SecondContactState_NorthMarianasIslands,SecondContactsAddress_SecondContactState,,5/17/17,,,,,,,,,,,
Ohio,Secondary Contact,Answer,,http://terminology.pmi-ops.org/CodeSystem/ppi,SecondContactState_Ohio,SecondContactsAddress_SecondContactState,,5/17/17,,,,,,,,,,,
Oklahoma,Secondary Contact,Answer,,http://terminology.pmi-ops.org/CodeSystem/ppi,SecondContactState_Oklahoma,SecondContactsAddress_SecondContactState,,5/17/17,,,,,,,,,,,
Oregon,Secondary Contact,Answer,,http://terminology.pmi-ops.org/CodeSystem/ppi,SecondContactState_Oregon,SecondContactsAddress_SecondContactState,,5/17/17,,,,,,,,,,,
Palau,Secondary Contact,Answer,,http://terminology.pmi-ops.org/CodeSystem/ppi,SecondContactState_Palau,SecondContactsAddress_SecondContactState,,5/17/17,,,,,,,,,,,
Pennsylvania,Secondary Contact,Answer,,http://terminology.pmi-ops.org/CodeSystem/ppi,SecondContactState_Pennsylvania,SecondContactsAddress_SecondContactState,,5/17/17,,,,,,,,,,,
PuertoRico,Secondary Contact,Answer,,http://terminology.pmi-ops.org/CodeSystem/ppi,SecondContactState_PuertoRico,SecondContactsAddress_SecondContactState,,5/17/17,,,,,,,,,,,
RhodeIsland,Secondary Contact,Answer,,http://terminology.pmi-ops.org/CodeSystem/ppi,SecondContactState_RhodeIsland,SecondContactsAddress_SecondContactState,,5/17/17,,,,,,,,,,,
SouthCarolina,Secondary Contact,Answer,,http://terminology.pmi-ops.org/CodeSystem/ppi,SecondContactState_SouthCarolina,SecondContactsAddress_SecondContactState,,5/17/17,,,,,,,,,,,
SouthDakota,Secondary Contact,Answer,,http://terminology.pmi-ops.org/CodeSystem/ppi,SecondContactState_SouthDakota,SecondContactsAddress_SecondContactState,,5/17/17,,,,,,,,,,,
Tennessee,Secondary Contact,Answer,,http://terminology.pmi-ops.org/CodeSystem/ppi,SecondContactState_Tennessee,SecondContactsAddress_SecondContactState,,5/17/17,,,,,,,,,,,
Texas,Secondary Contact,Answer,,http://terminology.pmi-ops.org/CodeSystem/ppi,SecondContactState_Texas,SecondContactsAddress_SecondContactState,,5/17/17,,,,,,,,,,,
Utah,Secondary Contact,Answer,,http://terminology.pmi-ops.org/CodeSystem/ppi,SecondContactState_Utah,SecondContactsAddress_SecondContactState,,5/17/17,,,,,,,,,,,
Vermont,Secondary Contact,Answer,,http://terminology.pmi-ops.org/CodeSystem/ppi,SecondContactState_Vermont,SecondContactsAddress_SecondContactState,,5/17/17,,,,,,,,,,,
VirginIslands,Secondary Contact,Answer,,http://terminology.pmi-ops.org/CodeSystem/ppi,SecondContactState_VirginIslands,SecondContactsAddress_SecondContactState,,5/17/17,,,,,,,,,,,
Virginia,Secondary Contact,Answer,,http://terminology.pmi-ops.org/CodeSystem/ppi,SecondContactState_Virginia,SecondContactsAddress_SecondContactState,,5/17/17,,,,,,,,,,,
Washington,Secondary Contact,Answer,,http://terminology.pmi-ops.org/CodeSystem/ppi,SecondContactState_Washington,SecondContactsAddress_SecondContactState,,5/17/17,,,,,,,,,,,
WestVirginia,Secondary Contact,Answer,,http://terminology.pmi-ops.org/CodeSystem/ppi,SecondContactState_WestVirginia,SecondContactsAddress_SecondContactState,,5/17/17,,,,,,,,,,,
Wisconsin,Secondary Contact,Answer,,http://terminology.pmi-ops.org/CodeSystem/ppi,SecondContactState_Wisconsin,SecondContactsAddress_SecondContactState,,5/17/17,,,,,,,,,,,
Wyoming,Secondary Contact,Answer,,http://terminology.pmi-ops.org/CodeSystem/ppi,SecondContactState_Wyoming,SecondContactsAddress_SecondContactState,,5/17/17,,,,,,,,,,,